http,{C0F5-X3PP06YI-6599YNQI},10/15/2010 14:28:57,TNM0961,PC-2030,http://indeed.com/WboUhagvat1680703797.html,people salary analyze responsibilities team growth technologies people contribute people salary on-line part-time on-line opening initiative responsibilities degree skills technologies contribute job passion degree multiple customer experience equivalent skills contribute multiple starter required years benefits contribute salary platform required sales platform interface skills technologies skills develop growth years process initiative
email,{R8G0-Z9US23PC-0080GPAW},10/20/2010 07:14:03,TNM0961,PC-2030,Beasley-Flynn@hp.com,Troy.Nicolas.Molina@dtaa.com,,Troy.Nicolas.Molina@dtaa.com,16755,0,report degree skills interface job growth concepts years hours contribute interface interface experience on-time industry degree sales growth part-time management analyze degree multiple salary equivalent people contribute guidance industry guidance opening guidance job interface sales equivalent degree experience management required develop strong technologies team
email,{N8S9-C8QA95JH-8351JYYP},10/20/2010 07:36:32,TNM0961,PC-2030,Beasley-Flynn@hp.com,Troy.Nicolas.Molina@dtaa.com,,Troy.Nicolas.Molina@dtaa.com,17025,1,platform years part-time multiple start required sales sales dynamic growth passion resume sales skills years equivalent degree hours passion expert skills degree dynamic sales skills self years job team people starter management job team multiple experience experience salary on-time dynamic degree on-line people skills contribute job permanent team multiple platform people initiative analyze interface people interface
email,{D4S3-L8CP99HR-7373HGSB},10/22/2010 15:28:11,TNM0961,PC-2030,Beasley-Flynn@hp.com,,Troy.Nicolas.Molina@dtaa.com,Troy.Nicolas.Molina@dtaa.com,20470,0,sales management team skills equivalent growth concepts team multitask growth resume responsibilities interface experience interface resume resume on-time required team relocation multitask responsibilities develop benefits industry opening experience team contribute responsibilities team technologies concepts multiple team passion people opening multiple multitask contribute degree process job technologies permanent required platform multitask job develop develop multiple multitask sales permanent salary multitask years opening dynamic passion permanent customer dynamic salary multitask years team
email,{E5D4-R6SN76ER-7131MVXY},10/25/2010 07:45:05,TNM0961,PC-2030,Beasley-Flynn@hp.com,Troy.Nicolas.Molina@dtaa.com,,Troy.Nicolas.Molina@dtaa.com,35670,2,degree interface required initiative salary multitask expert people degree people required platform strong start permanent skills growth experience growth contribute technologies degree job dynamic equivalent on-line dynamic management report required compensation expert self strong
email,{U1J2-R2LI01HD-5682SHPV},10/25/2010 07:47:34,TNM0961,PC-2030,Beasley-Flynn@hp.com,Troy.Nicolas.Molina@dtaa.com,,Troy.Nicolas.Molina@dtaa.com,50245,0,job self expert multitask management engineer years concepts growth develop opening develop analyze resume job dynamic experience compensation concepts opening resume resume resume technologies platform contribute multiple management analyze job growth concepts concepts experience job guidance degree part-time strong skills sales benefits develop required years permanent degree interface
http,{O1J5-C3RJ35GI-1065XMHR},11/01/2010 10:37:24,TNM0961,PC-2030,http://monster.com/WboUhagvat1180707852.html,sales self growth experience equivalent opening responsibilities passion years benefits experience dynamic benefits industry concepts start required strong experience contribute experience multiple hours skills expert skills on-line multitask sales dynamic start interface team platform skills degree starter starter multitask resume report multitask contribute dynamic process growth benefits equivalent job growth responsibilities self process strong required required relocation job years expert
email,{B2V9-R4CV00HS-7104ZVCW},11/03/2010 16:11:22,TNM0961,PC-2030,Beasley-Flynn@hp.com,,Troy.Nicolas.Molina@dtaa.com,Troy.Nicolas.Molina@dtaa.com,18116,2,skills management platform start guidance develop customer management multiple multiple responsibilities skills multiple customer initiative report benefits opening responsibilities job required relocation sales report interface concepts start multiple develop skills multitask multiple engineer dynamic contribute opening start benefits skills opening job technologies experience experience strong contribute equivalent industry experience
device,{E2E7-X7QZ02PQ-0960KELC},11/16/2010 07:13:48,TNM0961,PC-2030,Connect
device,{L2B2-J5HX98EJ-4810CYFZ},11/16/2010 07:21:24,TNM0961,PC-2030,Disconnect
device,{U2B6-M0LU69XN-3423UURP},11/16/2010 07:51:00,TNM0961,PC-2030,Connect
device,{M5X9-O8SF37QI-3393REBW},11/16/2010 08:05:50,TNM0961,PC-2030,Disconnect
device,{Z6G5-H9UD67OR-6731SIGO},11/16/2010 08:26:09,TNM0961,PC-2030,Connect
device,{W5D6-H5DD40WX-4706WDMB},11/16/2010 08:27:27,TNM0961,PC-2030,Disconnect
device,{L9F3-Q9ZA24TQ-6708XCJQ},11/16/2010 09:02:01,TNM0961,PC-2030,Connect
device,{F4K8-Q8BF15SF-0528RHYL},11/16/2010 09:04:51,TNM0961,PC-2030,Disconnect
device,{Y7X4-H1HO40WG-6056CPJF},11/16/2010 09:08:06,TNM0961,PC-2030,Connect
device,{W4T3-G2HA01ZL-0239PMYT},11/16/2010 09:45:20,TNM0961,PC-2030,Disconnect
device,{U3U8-N1FU96RM-7243KVCO},11/16/2010 13:35:46,TNM0961,PC-2030,Connect
device,{J4F2-S7BI56XK-2431VJMI},11/16/2010 14:07:50,TNM0961,PC-2030,Disconnect
device,{G4I9-X1EO89IY-7210IPKD},11/16/2010 14:47:06,TNM0961,PC-2030,Connect
device,{I1N2-Q1KL69KU-0196HWQB},11/16/2010 15:10:10,TNM0961,PC-2030,Disconnect
device,{B6I9-V2YE05SN-6990PFUA},11/16/2010 15:50:00,TNM0961,PC-2030,Connect
device,{F0Y6-E7LH77UJ-9088OCUE},11/16/2010 16:09:02,TNM0961,PC-2030,Disconnect
device,{C6W4-D7WU23JJ-3358ZTTW},11/16/2010 16:15:41,TNM0961,PC-2030,Connect
device,{Q9B8-U4OY36AL-5310QESJ},11/16/2010 16:18:14,TNM0961,PC-2030,Disconnect
device,{Z2X1-M3GV52AH-8194FHFO},11/19/2010 08:06:02,TNM0961,PC-2030,Connect
device,{X0S3-D2WZ12CN-1486KPFL},11/19/2010 08:21:11,TNM0961,PC-2030,Disconnect
device,{H9R6-G8WK33GK-6002SMUF},11/19/2010 09:05:26,TNM0961,PC-2030,Connect
device,{O9B3-A5HU56OD-2773WAHH},11/19/2010 09:13:49,TNM0961,PC-2030,Disconnect
device,{Q9J1-S6XX07AZ-2008DPRE},11/19/2010 10:05:44,TNM0961,PC-2030,Connect
device,{L5Q6-D3JC15KD-8953LHQA},11/19/2010 10:20:22,TNM0961,PC-2030,Disconnect
device,{P4E3-G7OK65OM-1120YQXI},11/19/2010 14:00:03,TNM0961,PC-2030,Connect
device,{Q5J3-Z4IH60AQ-0159QNON},11/19/2010 14:01:39,TNM0961,PC-2030,Disconnect
device,{I9Z0-V3CT16UM-9683UTUJ},11/19/2010 15:01:06,TNM0961,PC-2030,Connect
device,{G9A6-D5ZM81CO-5931LOVX},11/19/2010 15:21:12,TNM0961,PC-2030,Disconnect
device,{Q6L9-X6AB75FH-9145MPVX},11/22/2010 07:46:18,TNM0961,PC-2030,Connect
device,{U8I3-T6HN67OI-4890MSWD},11/22/2010 08:14:22,TNM0961,PC-2030,Disconnect
device,{L6Y9-X2VL19ZU-0708EOKF},11/22/2010 08:41:54,TNM0961,PC-2030,Connect
device,{B4F4-N3RM79LR-0536EDSF},11/22/2010 08:52:02,TNM0961,PC-2030,Disconnect
device,{A5Q6-C3BD73MG-0820BWPV},11/22/2010 10:48:25,TNM0961,PC-2030,Connect
device,{U8S1-U5NO34JO-3212XXMC},11/22/2010 11:22:55,TNM0961,PC-2030,Disconnect
device,{I1J3-I9NB48TL-5620ORWZ},11/22/2010 14:01:29,TNM0961,PC-2030,Connect
device,{T8O6-K7GR44JD-1350XBCC},11/22/2010 14:32:31,TNM0961,PC-2030,Disconnect
device,{V3R0-Z3YN79HY-3316LPAH},11/22/2010 14:50:11,TNM0961,PC-2030,Connect
device,{B2J9-T2MM10DG-1497GWCL},11/22/2010 15:09:51,TNM0961,PC-2030,Disconnect
device,{Q7X9-C2CZ09XM-4812TKYA},11/22/2010 16:03:17,TNM0961,PC-2030,Connect
device,{B9D1-N7KY90XQ-0034SWEG},11/22/2010 16:08:12,TNM0961,PC-2030,Disconnect
email,{R1E3-T3GB82QO-7406PDBA},11/30/2010 10:12:22,TNM0961,PC-2030,Sandra.Beverly.Diaz@dtaa.com,,Troy.Nicolas.Molina@dtaa.com,Troy.Nicolas.Molina@dtaa.com,24493,0,resignation my resignation resignation notice exit exit my position resign tender letter notice of letter opportunity tender thanks interview resignation key tender letter resignation of resignation of 2 resignation resignation 2 exit letter thanks
device,{V2L8-R4DS28GH-6250PMVG},12/01/2010 07:37:55,TNM0961,PC-2030,Connect
device,{X8S2-T3LM12HY-9609TBGQ},12/01/2010 07:43:18,TNM0961,PC-2030,Disconnect
device,{C9P8-Z7UC23CW-5403KTMR},12/01/2010 08:58:12,TNM0961,PC-2030,Connect
device,{U5Q1-G3LL45GV-6838KRBW},12/01/2010 08:58:52,TNM0961,PC-2030,Disconnect
device,{A7Q1-Y6FZ76IO-8997ILWM},12/01/2010 09:01:37,TNM0961,PC-2030,Connect
device,{O7V0-B8LJ26DX-2538OBGB},12/01/2010 09:38:57,TNM0961,PC-2030,Disconnect
device,{D6P3-S6ZZ91KO-2322KEYD},12/01/2010 10:29:45,TNM0961,PC-2030,Connect
device,{H1H8-T4FK57YP-0132TDQT},12/01/2010 10:31:31,TNM0961,PC-2030,Disconnect
device,{W4J4-O9GT27JV-5254HOCQ},12/01/2010 12:26:27,TNM0961,PC-2030,Connect
device,{R9E3-N7SR94AA-5553OFJZ},12/01/2010 12:44:20,TNM0961,PC-2030,Disconnect
device,{Z3U7-O9TF69UX-9776QPUN},12/01/2010 14:57:58,TNM0961,PC-2030,Connect
device,{P3H2-N0BP10GY-5242JLUG},12/01/2010 15:36:27,TNM0961,PC-2030,Disconnect
device,{E0Q1-D3UE87YZ-4465KOQL},12/01/2010 15:51:03,TNM0961,PC-2030,Connect
device,{M6A0-T1LL82NL-2969FLUL},12/01/2010 16:09:44,TNM0961,PC-2030,Disconnect
device,{Z3O6-H4ML76YX-9269KVEA},12/02/2010 08:25:48,TNM0961,PC-2030,Connect
device,{G6J4-K6NX17AO-2314SNNE},12/02/2010 08:26:07,TNM0961,PC-2030,Disconnect
device,{E1F7-S4DS24VS-0001HDHP},12/02/2010 08:38:36,TNM0961,PC-2030,Connect
device,{W7T4-H3AO73AE-0003STRT},12/02/2010 08:40:53,TNM0961,PC-2030,Disconnect
device,{N8T0-I0UN35VK-1223CWCZ},12/02/2010 09:21:32,TNM0961,PC-2030,Connect
device,{I0B2-E1YK03HV-0025NNKR},12/02/2010 09:34:29,TNM0961,PC-2030,Disconnect
device,{G9X4-I8KL38XK-7898WNAK},12/02/2010 14:36:15,TNM0961,PC-2030,Connect
device,{K6S5-S5CE17JS-9259RHHM},12/02/2010 14:51:20,TNM0961,PC-2030,Disconnect
device,{Q8U0-Z9ZU37SX-6105WNPZ},12/02/2010 15:07:29,TNM0961,PC-2030,Connect
device,{U9L6-O0DI19CV-6650FKBU},12/02/2010 15:32:58,TNM0961,PC-2030,Disconnect
device,{C7L5-U5JT13MY-0970YWKA},12/02/2010 15:38:50,TNM0961,PC-2030,Connect
device,{N5Q7-C3HX30MH-2329TAWB},12/02/2010 15:49:15,TNM0961,PC-2030,Disconnect
device,{W8W4-K7YC87SP-0318HTOD},12/09/2010 09:39:35,TNM0961,PC-2030,Connect
device,{I0I0-J7VM44TN-1096XOKD},12/09/2010 09:42:55,TNM0961,PC-2030,Disconnect
device,{X8F1-I2NH81PO-4361MYOQ},12/09/2010 09:50:48,TNM0961,PC-2030,Connect
device,{W3Q3-Z6LG72CN-5170OTFF},12/09/2010 09:58:55,TNM0961,PC-2030,Disconnect
device,{G1L0-T2VI50ZD-5244FKAJ},12/09/2010 10:03:28,TNM0961,PC-2030,Connect
device,{D9E7-G1GS66YY-3325EQXF},12/09/2010 10:47:07,TNM0961,PC-2030,Disconnect
device,{A7R0-B4YU18ZC-9072XXWF},12/09/2010 14:36:56,TNM0961,PC-2030,Connect
device,{Y2K6-F6AD01EH-8747PBFL},12/09/2010 14:38:45,TNM0961,PC-2030,Disconnect
device,{U0G3-R5UC06TO-4061DQHR},12/09/2010 14:47:29,TNM0961,PC-2030,Connect
device,{O8M2-N5XY20AV-5069BEPQ},12/09/2010 15:14:18,TNM0961,PC-2030,Disconnect
device,{P4R1-Z0NI04QO-8412NEBW},12/09/2010 15:25:11,TNM0961,PC-2030,Connect
device,{H4V9-X0LV33EV-1623IUKY},12/09/2010 15:55:49,TNM0961,PC-2030,Disconnect
device,{F4G6-R6TZ12JS-4708JOHW},12/09/2010 16:00:26,TNM0961,PC-2030,Connect
device,{L3X7-H5ZX47XA-2181MDYO},12/09/2010 16:05:04,TNM0961,PC-2030,Disconnect
