http,{N8L4-R3BS59EX-1970PZMM},11/22/2010 11:42:04,KRL0501,PC-7206,http://harris.com/WboUhagvat1919385663.htm,growth industry industry contribute industry passion years strong start resume develop multitask opening sales passion equivalent multiple management compensation passion compensation self experience sales expert concepts multitask required management benefits hours skills start report self process salary people multitask start contribute multiple resume customer multitask multiple process customer
http,{H5P3-C9LW33IX-1752PCIB},12/06/2010 14:39:46,KRL0501,PC-7206,http://jobhuntersbible.com/WboUhagvat1258877042.aspx,develop required develop initiative sales technologies engineer job customer benefits multiple team engineer multitask resume multiple years hours platform recruiter expert develop job benefits passion technologies job technologies required customer contribute sales initiative hours on-time resume passion passion engineer passion multitask team start degree interface dynamic multitask process customer permanent benefits
email,{G1W7-U3VS12TB-5321VXPK},12/07/2010 10:02:58,KRL0501,PC-7206,Justine_Pate@northropgrumman.com,,,Kirby.Ruby.Lyons@dtaa.com,33519,0,visual on-time multiple start technologies guidance part-time job interface part-time part-time part-time interface interface degree growth required expert team on-line on-time skills report guidance equivalent multitask technologies industry experience initiative concepts dynamic multitask expert
email,{M7N8-H8EK99ZM-7174EKMJ},12/07/2010 16:51:39,KRL0501,PC-7206,Justine_Pate@northropgrumman.com,,,Kirby.Ruby.Lyons@dtaa.com,31291,0,degree interface resume sales team develop technologies passion report sales initiative initiative dynamic expert people multiple permanent dynamic job compensation contribute job job interface platform multitask start strong develop permanent contribute skills dynamic management analyze team concepts industry
email,{X3D1-K1PY45RE-2662EGOP},12/08/2010 12:27:05,KRL0501,PC-7206,Justine_Pate@northropgrumman.com,,,Kirby.Ruby.Lyons@dtaa.com,21281,0,interface expert degree growth multiple customer contribute report technologies start multiple develop start responsibilities develop experience concepts dynamic job concepts people strong degree skills skills multiple customer required contribute multiple growth interface platform customer dynamic salary multiple dynamic contribute management responsibilities analyze benefits initiative required engineer self develop customer team dynamic sales multitask starter permanent report multitask equivalent
http,{A8Z0-G4AD73KI-2790MNVZ},12/09/2010 13:45:56,KRL0501,PC-7206,http://jobhuntersbible.com/WboUhagvat1258877042.aspx,experience platform multiple multitask sales industry resume team report multiple opening develop experience strong expert responsibilities technologies skills report responsibilities on-line analyze management on-line team strong concepts industry interface process industry people dynamic equivalent job people people skills dynamic growth multitask relocation report concepts strong process on-line customer starter degree job permanent start responsibilities job
http,{J6C5-N1VD02RM-1309BLEJ},12/09/2010 16:34:25,KRL0501,PC-7206,http://simplyhired.com/WboUhagvat57469130.jsp,responsibilities job team skills guidance interface management customer self experience start concepts industry required initiative management technologies skills
email,{K4U3-U7ZQ18EK-2262UFLU},12/15/2010 16:28:26,KRL0501,PC-7206,Justine_Pate@northropgrumman.com,,,Kirby.Ruby.Lyons@dtaa.com,40771,0,develop call responsibilities skills contribute multitask on-time multitask opening growth develop dynamic customer start analyze multiple strong on-time multitask responsibilities responsibilities guidance equivalent required responsibilities management expert strong interface years interface responsibilities degree management required required team contribute develop growth sales benefits multiple resume industry responsibilities people
email,{T5T3-F1GQ70AQ-9713AYMT},12/15/2010 16:55:43,KRL0501,PC-7206,Justine_Pate@northropgrumman.com,,,Kirby.Ruby.Lyons@dtaa.com,40504,0,expert skills concepts dynamic responsibilities part-time growth experience initiative management responsibilities self growth responsibilities equivalent skills required expert develop multiple years responsibilities job resume passion multiple people resume required multitask equivalent analyze responsibilities degree years initiative permanent management starter passion multiple develop engineer develop report growth degree resume multitask hours report multitask resume
email,{F9L5-V9GY25XL-9389DRGR},12/21/2010 16:39:52,KRL0501,PC-7206,Justine_Pate@northropgrumman.com,,,Kirby.Ruby.Lyons@dtaa.com,40684,0,passion equivalent platform resume analyze people start multitask contribute years report multiple opening process degree permanent industry equivalent multitask responsibilities contribute people team equivalent customer equivalent technologies contribute sales technologies degree growth opening benefits strong guidance on-time team management customer start equivalent degree contribute contribute starter start starter guidance concepts job engineer
device,{A5V6-Q2HQ31JW-6376NTXJ},12/22/2010 08:23:31,KRL0501,PC-7206,Connect
device,{H4Z5-A4SV43RF-5771YCJD},12/22/2010 08:36:57,KRL0501,PC-7206,Disconnect
device,{L9I9-O7FY96CN-3204SLWY},12/22/2010 09:25:43,KRL0501,PC-7206,Connect
device,{V3V9-A7OG14ZR-2616VSTT},12/22/2010 09:28:42,KRL0501,PC-7206,Disconnect
device,{J1Y2-G1GM68GY-2162ASNR},12/22/2010 10:29:40,KRL0501,PC-7206,Connect
device,{V8O2-J4DG54CF-0604JRZT},12/22/2010 11:32:06,KRL0501,PC-7206,Disconnect
device,{P9W5-S3BW29WM-5173YKVV},12/22/2010 12:38:58,KRL0501,PC-7206,Connect
device,{A1H2-Z9RU02BV-3791LXHQ},12/22/2010 12:50:16,KRL0501,PC-7206,Disconnect
device,{Q2U1-U8DU02LY-4540CLPP},12/22/2010 12:56:30,KRL0501,PC-7206,Connect
device,{U7R7-L1LP49YJ-4831XHIU},12/22/2010 13:17:38,KRL0501,PC-7206,Disconnect
device,{U2V1-S7UM19MG-4628PJHE},12/22/2010 13:49:08,KRL0501,PC-7206,Connect
device,{R8T9-M2VS70JL-6424RWHC},12/22/2010 14:28:56,KRL0501,PC-7206,Disconnect
device,{P9A5-W6KD43JT-8103TWBU},12/22/2010 15:45:46,KRL0501,PC-7206,Connect
device,{E6C0-G2XM07TZ-8405NQMG},12/22/2010 15:58:17,KRL0501,PC-7206,Disconnect
device,{G1U1-M2DY66HB-1390CAFS},12/27/2010 09:02:20,KRL0501,PC-7206,Connect
device,{U2I6-W9MC62CK-9817NEPM},12/27/2010 09:26:08,KRL0501,PC-7206,Disconnect
device,{K5G2-L9XX66OU-2708NYYQ},12/27/2010 09:57:55,KRL0501,PC-7206,Connect
device,{Z3C1-N7WC60SD-4136AQBS},12/27/2010 10:05:14,KRL0501,PC-7206,Disconnect
device,{P7M3-M4NW95GG-4011BKDA},12/27/2010 10:59:37,KRL0501,PC-7206,Connect
device,{Y5S4-M8EC66VD-5610OEEY},12/27/2010 11:14:59,KRL0501,PC-7206,Disconnect
device,{V7U9-W7US19NA-7067BEDI},12/27/2010 11:39:43,KRL0501,PC-7206,Connect
device,{W6Q2-R9FA75SW-4385KBNR},12/27/2010 12:04:32,KRL0501,PC-7206,Disconnect
device,{O1U6-T3BM98JZ-9836OIQO},12/27/2010 13:26:33,KRL0501,PC-7206,Connect
device,{P7O3-U2KY41GV-8764PTKD},12/27/2010 13:27:13,KRL0501,PC-7206,Disconnect
device,{Z8V9-R8GX75EA-2303IEHB},12/27/2010 15:47:13,KRL0501,PC-7206,Connect
device,{P6Z1-T0NV31IR-4829PBZE},12/27/2010 16:56:38,KRL0501,PC-7206,Disconnect
device,{L8S4-R0SQ92UB-1620GWWV},12/28/2010 09:13:47,KRL0501,PC-7206,Connect
device,{V0D3-M4YV18CL-7097IOGR},12/28/2010 09:26:13,KRL0501,PC-7206,Disconnect
device,{U5X2-Y2QA81GA-1329GKUM},12/28/2010 11:09:38,KRL0501,PC-7206,Connect
device,{Z8P7-A6HN98BP-4590UJQS},12/28/2010 12:59:49,KRL0501,PC-7206,Disconnect
device,{B0Q7-T8KZ65UC-4396PVKO},12/28/2010 13:48:17,KRL0501,PC-7206,Connect
device,{N6X7-G2RZ15BC-4445UYEU},12/28/2010 13:53:37,KRL0501,PC-7206,Disconnect
device,{D3I5-I2DN83DU-6990MSSG},12/28/2010 14:21:36,KRL0501,PC-7206,Connect
device,{E2K4-U3WS18MF-3612AHRL},12/28/2010 14:50:26,KRL0501,PC-7206,Disconnect
device,{Y4T0-F6XK07UO-3410GFKV},12/28/2010 15:01:17,KRL0501,PC-7206,Connect
device,{M9O3-R6PQ56IQ-0820WFNC},12/28/2010 15:46:03,KRL0501,PC-7206,Disconnect
device,{V1M2-L8CE29DU-5948MBTJ},12/30/2010 10:58:50,KRL0501,PC-7206,Connect
device,{Q1R5-K9ML43DT-1079GNSP},12/30/2010 11:20:35,KRL0501,PC-7206,Disconnect
device,{N9D5-C3CM08CD-6949WRCF},12/30/2010 11:21:05,KRL0501,PC-7206,Connect
device,{S0I2-L9MV60LI-8858SPFU},12/30/2010 11:23:18,KRL0501,PC-7206,Disconnect
device,{T9D5-E1GR80YR-7460RKHW},12/30/2010 11:26:09,KRL0501,PC-7206,Connect
device,{J2B6-X5YG35AM-4032VKLT},12/30/2010 11:31:44,KRL0501,PC-7206,Disconnect
device,{M6M0-S1JY32LI-8819CXWU},12/30/2010 15:31:08,KRL0501,PC-7206,Connect
device,{S1K0-X7MK50CG-7508XRTL},12/30/2010 15:34:28,KRL0501,PC-7206,Disconnect
device,{Y0T9-B9SK00VY-2256CXOL},12/30/2010 16:16:36,KRL0501,PC-7206,Connect
device,{Y3A3-L3WP43MK-9048KUOI},12/30/2010 16:28:29,KRL0501,PC-7206,Disconnect
device,{J8M9-G4CW61NE-8131UXZZ},12/30/2010 16:31:55,KRL0501,PC-7206,Connect
device,{H0Q8-K7VI78JD-7862XMNE},12/30/2010 16:44:54,KRL0501,PC-7206,Disconnect
email,{Q0W4-A9ET30OW-7013VHZU},01/03/2011 16:49:56,KRL0501,PC-7206,Bert.Jason.Henderson@dtaa.com,,,Kirby.Ruby.Lyons@dtaa.com,21260,0,my key position tender exit letter resignation opportunity key position week exit letter of exit letter my resignation of week tender notice my letter resignation interview letter 2 2 2 of thanks my position resignation letter 2 2 week resign opportunity 2 of my key position position resignation opportunity interview letter opportunity week
device,{C9A1-G7NY78PL-6635AFZW},01/05/2011 08:34:06,KRL0501,PC-7206,Connect
device,{G9R1-G1WQ04YJ-1101LFCG},01/05/2011 08:46:38,KRL0501,PC-7206,Disconnect
device,{G1C8-P8DR64BG-8637ZLXR},01/05/2011 09:52:11,KRL0501,PC-7206,Connect
device,{Z5X4-G2UL70DY-9973LUWE},01/05/2011 09:55:10,KRL0501,PC-7206,Disconnect
device,{W8I9-U0VL09UD-8691EIIR},01/05/2011 10:39:50,KRL0501,PC-7206,Connect
device,{E2N3-E6RV51GQ-3257NXUH},01/05/2011 10:48:31,KRL0501,PC-7206,Disconnect
device,{P0Q9-W4XX79JF-2183UEWW},01/05/2011 13:42:36,KRL0501,PC-7206,Connect
device,{A2Z5-Q0WC72IT-3489AWAQ},01/05/2011 13:56:20,KRL0501,PC-7206,Disconnect
device,{V5E0-V4PA15ZJ-4385IKEC},01/05/2011 14:41:06,KRL0501,PC-7206,Connect
device,{Q0V2-G2NL68IQ-1854RAHE},01/05/2011 14:52:04,KRL0501,PC-7206,Disconnect
device,{G0Q0-U5EQ78IZ-1060TUTP},01/05/2011 15:09:39,KRL0501,PC-7206,Connect
device,{D7A6-I7KC11RR-7232VZXK},01/05/2011 15:36:55,KRL0501,PC-7206,Disconnect
device,{Z8B6-D7JW59KH-7085WJSP},01/05/2011 16:35:14,KRL0501,PC-7206,Connect
device,{S2K3-J3AQ90KP-0518EBKA},01/05/2011 16:55:44,KRL0501,PC-7206,Disconnect
device,{X9A2-S9XN35JM-0337RWTJ},01/06/2011 08:33:10,KRL0501,PC-7206,Connect
device,{O7B4-L0XJ66CG-2443MBXN},01/06/2011 08:39:44,KRL0501,PC-7206,Disconnect
device,{K5C4-D7CK40RL-7346TJWG},01/06/2011 08:55:43,KRL0501,PC-7206,Connect
device,{I4Y8-C5DS94BM-9720DJWC},01/06/2011 09:00:23,KRL0501,PC-7206,Disconnect
device,{Q9U1-Z0IG40CG-4769TMIM},01/06/2011 10:21:50,KRL0501,PC-7206,Connect
device,{H4V9-P9KR75IS-1448ZMCQ},01/06/2011 10:46:13,KRL0501,PC-7206,Disconnect
device,{Z4U2-B1YH22TQ-4900FJFX},01/06/2011 10:51:25,KRL0501,PC-7206,Connect
device,{Y9A2-B6EC47IM-7973AFSG},01/06/2011 11:29:33,KRL0501,PC-7206,Disconnect
device,{X8H8-C8KE82HG-1992MZDC},01/06/2011 12:43:38,KRL0501,PC-7206,Connect
device,{G2T5-S1DA27HO-6823XKCY},01/06/2011 12:47:55,KRL0501,PC-7206,Disconnect
device,{H3S2-E4HM49XO-6357OZPT},01/06/2011 14:44:19,KRL0501,PC-7206,Connect
device,{S1R0-B7RP64CO-3836RAMB},01/06/2011 14:54:57,KRL0501,PC-7206,Disconnect
device,{E6Q9-G6VQ25VH-5632ZLBP},01/06/2011 15:53:33,KRL0501,PC-7206,Connect
device,{S2S0-Q6HI68TT-2378ZCSN},01/06/2011 16:16:06,KRL0501,PC-7206,Disconnect
device,{T2G9-T5VU36YP-7986LFFC},01/19/2011 09:52:57,KRL0501,PC-7206,Connect
device,{Z2H4-D3QO53CR-6065WACB},01/19/2011 09:55:04,KRL0501,PC-7206,Disconnect
device,{V5Y5-Z3MG06XG-3957IBGF},01/19/2011 10:00:09,KRL0501,PC-7206,Connect
device,{B7D5-Y2JV27GV-4520ZJMM},01/19/2011 11:08:47,KRL0501,PC-7206,Disconnect
device,{G8N0-K2RK45GX-6465BTFK},01/19/2011 11:42:22,KRL0501,PC-7206,Connect
device,{L3O0-S4IR62FE-6743HXPF},01/19/2011 12:09:01,KRL0501,PC-7206,Disconnect
device,{E1V7-K4LM86RL-0196KFGF},01/19/2011 13:30:10,KRL0501,PC-7206,Connect
device,{B1M3-T1JQ50LQ-3628HMSQ},01/19/2011 13:32:09,KRL0501,PC-7206,Disconnect
device,{Y4O2-F9CG07DR-3971PQQR},01/19/2011 15:35:08,KRL0501,PC-7206,Connect
device,{H6W0-D7EJ35VH-1237HRGW},01/19/2011 16:02:47,KRL0501,PC-7206,Disconnect
device,{C0V5-A1CB44ZJ-3891AJKX},01/19/2011 16:25:58,KRL0501,PC-7206,Connect
device,{J2A1-J6NS43BI-6478ZSNL},01/19/2011 17:06:28,KRL0501,PC-7206,Disconnect
