http,{B0X6-G4YC92JY-4515GZQB},07/27/2010 15:01:27,DIB0285,PC-1268,http://jobhuntersbible.com/WboUhagvat1258877042.aspx,on-line responsibilities management experience team multiple starter customer starter years experience interface skills skills people customer skills interface degree team experience skills process develop management customer technologies growth responsibilities passion start skills multiple people multiple guidance skills contribute strong team passion industry multitask technologies benefits salary team multitask responsibilities customer growth report people job resume years platform interface platform contribute hours required degree
http,{Z0B6-C0AU52LF-0121SXFL},07/29/2010 09:20:21,DIB0285,PC-1268,http://boeing.com/WboUhagvat1904327536.htm,degree job opening people hours degree responsibilities starter people starter degree strong responsibilities salary technologies job starter hours interface sales equivalent sales management industry start expert hours part-time guidance dynamic years industry start customer contribute initiative permanent degree develop call skills technologies people start required starter platform people interface guidance experience part-time hours responsibilities people analyze
email,{A3B6-S7ZS48JA-8450ZHUC},08/04/2010 14:09:54,DIB0285,PC-1268,Beck-Grant@raytheon.com,,,Deanna.Imelda.Blanchard@dtaa.com,26113,0,develop industry customer on-time sales interface start process initiative hours concepts interface multiple years management guidance job expert management technologies skills years job concepts experience multitask call responsibilities skills compensation contribute degree self customer industry benefits experience relocation management report concepts management contribute customer sales responsibilities start
email,{H0L1-W8DF39PU-2427XAVW},08/04/2010 15:13:46,DIB0285,PC-1268,Beck-Grant@raytheon.com,,,Deanna.Imelda.Blanchard@dtaa.com,27537,0,people team strong dynamic skills equivalent multiple multiple equivalent people opening technologies starter industry salary equivalent technologies management management contribute team resume industry resume years multiple equivalent skills benefits required on-time dynamic interface resume multitask sales interface equivalent degree on-line customer required sales permanent required guidance salary years contribute people concepts management interface team dynamic expert multitask
email,{X0T9-M2NY35CF-4893BWZR},08/09/2010 10:11:22,DIB0285,PC-1268,Beck-Grant@raytheon.com,,,Deanna.Imelda.Blanchard@dtaa.com,32280,0,industry responsibilities multiple responsibilities required passion report process multitask management skills visual multiple required compensation required strong dynamic degree strong develop team opening growth compensation required degree skills years on-time contribute technologies contribute develop sales engineer interface customer initiative customer industry multiple benefits visual starter dynamic equivalent salary people skills start benefits required develop strong concepts skills
email,{Z9D5-A2PU73KY-2134GPIV},08/09/2010 16:45:24,DIB0285,PC-1268,Beck-Grant@raytheon.com,,,Deanna.Imelda.Blanchard@dtaa.com,31578,1,process years initiative platform start self visual expert contribute visual required benefits process multiple years on-time passion multitask part-time years customer multitask growth compensation skills skills skills management required people permanent resume develop responsibilities management resume
http,{G7P2-F3SM84NU-3616ZSSY},08/09/2010 18:09:05,DIB0285,PC-1268,http://northropgrumman.com/WboUhagvat572113271.aspx,opening degree permanent required equivalent guidance opening experience contribute opening responsibilities on-time dynamic experience multitask compensation platform permanent resume on-line resume passion opening years customer start develop team guidance interface years degree opening opening equivalent team years required years sales resume years industry relocation
http,{J1R2-G1GX99UA-2337PJEI},08/10/2010 11:10:17,DIB0285,PC-1268,http://linkedin.com/WboUhagvat1479839504.aspx,industry required permanent part-time multitask part-time platform permanent years degree platform technologies benefits develop interface equivalent resume multitask interface skills concepts platform multitask team process guidance required salary multiple responsibilities salary growth concepts initiative develop degree industry on-time develop part-time team concepts guidance responsibilities required platform
email,{H4R5-H7QN50FH-1675OVVK},08/10/2010 14:09:31,DIB0285,PC-1268,Beck-Grant@raytheon.com,,,Deanna.Imelda.Blanchard@dtaa.com,35598,0,contribute benefits industry multiple analyze experience on-time start start develop report opening on-line customer opening multitask concepts multiple equivalent management guidance on-time start industry team multitask skills sales resume visual job on-line on-line analyze equivalent team resume guidance job engineer multitask guidance required process experience contribute contribute on-line platform
email,{P4D4-Z7XH18LP-5251TVNL},08/13/2010 10:44:28,DIB0285,PC-1268,Beck-Grant@raytheon.com,,,Deanna.Imelda.Blanchard@dtaa.com,29464,3,management technologies guidance on-time resume responsibilities people team permanent resume customer expert team resume opening growth report resume years relocation multitask job management initiative platform degree responsibilities contribute compensation platform required contribute sales process required industry sales passion self resume concepts interface part-time experience multiple interface guidance develop multiple years team experience multitask equivalent dynamic recruiter required skills
email,{T4V3-A0FW42NJ-8761BPZZ},08/13/2010 12:54:03,DIB0285,PC-1268,Beck-Grant@raytheon.com,,,Deanna.Imelda.Blanchard@dtaa.com,29789,1,skills guidance opening required strong develop expert interface strong passion equivalent people contribute experience start skills develop hours growth hours initiative opening guidance multiple skills equivalent growth team job strong strong multiple skills salary resume passion multitask required opening contribute opening technologies start resume degree required management growth interface contribute dynamic experience people contribute experience concepts guidance resume platform contribute strong on-line
email,{G4S9-D3BW77WB-6188ISBU},08/17/2010 12:55:18,DIB0285,PC-1268,Beck-Grant@raytheon.com,,,Deanna.Imelda.Blanchard@dtaa.com,15198,0,growth interface self expert years multitask sales experience starter skills initiative relocation concepts customer multiple passion degree years analyze years passion equivalent engineer customer skills salary people industry required degree passion develop analyze required degree people analyze experience analyze customer job develop experience experience strong equivalent
http,{R6Y0-E1YB90QG-6330DWHM},08/17/2010 13:51:31,DIB0285,PC-1268,http://hp.com/WboUhagvat1944152218.jsp,skills equivalent passion concepts passion multiple resume responsibilities develop self responsibilities job industry degree job interface process responsibilities management people responsibilities compensation dynamic multitask strong years hours skills process resume concepts multiple customer years hours develop guidance required opening required growth salary starter guidance responsibilities team management opening develop report analyze experience dynamic
http,{K7N1-R8XF87XM-5272FUZY},08/18/2010 09:40:06,DIB0285,PC-1268,http://yahoo.com/hotjobs/WboUhagvat752138490.php,opening management equivalent benefits strong develop years degree report experience years start report benefits people opening self resume multiple responsibilities process multitask opening strong interface multitask multiple compensation benefits dynamic on-time interface experience responsibilities develop on-line
http,{D5R6-N7DO41IU-7497XIPY},08/18/2010 12:50:15,DIB0285,PC-1268,http://northropgrumman.com/WboUhagvat572113271.aspx,concepts management salary management interface degree job report skills passion experience people engineer multiple people start salary platform concepts develop platform benefits required years passion industry on-time team strong degree sales resume platform multiple hours contribute sales skills visual benefits industry years years compensation strong experience experience team degree initiative start start
email,{P0K3-V3HP00NC-8563FTCQ},08/19/2010 13:49:44,DIB0285,PC-1268,Beck-Grant@raytheon.com,,,Deanna.Imelda.Blanchard@dtaa.com,21494,0,multitask passion equivalent dynamic management resume guidance years responsibilities benefits concepts benefits team industry equivalent compensation experience sales experience required team expert responsibilities people years dynamic required technologies customer multiple report contribute management equivalent equivalent interface benefits years industry interface platform
device,{N7J9-I7GG46QH-5022MPKI},09/03/2010 10:51:22,DIB0285,PC-1268,Connect
device,{Q1V4-X8JY66QX-1736HMIA},09/03/2010 11:09:38,DIB0285,PC-1268,Disconnect
device,{K1O6-V0BH93TN-4357ZAHR},09/03/2010 11:21:27,DIB0285,PC-1268,Connect
device,{P9T8-R1GS38DV-6538KPDU},09/03/2010 11:28:51,DIB0285,PC-1268,Disconnect
device,{U3V3-N1ID54DA-5316YMKP},09/03/2010 12:17:57,DIB0285,PC-1268,Connect
device,{A2V3-J5BG57MZ-8510HJDN},09/03/2010 12:34:05,DIB0285,PC-1268,Disconnect
device,{J8S8-C1IP97NR-8612XVOJ},09/03/2010 13:43:07,DIB0285,PC-1268,Connect
device,{W9X6-T4IR24HJ-3868HMVX},09/03/2010 13:58:04,DIB0285,PC-1268,Disconnect
device,{D3R2-L0WC42OT-0428SJIO},09/03/2010 14:22:06,DIB0285,PC-1268,Connect
device,{I2F1-Y6LV29NT-8236PBYM},09/03/2010 14:30:35,DIB0285,PC-1268,Disconnect
device,{F4G7-C6QL77WT-7737VEAD},09/07/2010 09:12:26,DIB0285,PC-1268,Connect
device,{F2H6-X8IL18QX-7402FMWC},09/07/2010 09:31:09,DIB0285,PC-1268,Disconnect
device,{I7W3-N8DO98MW-6545LKRF},09/07/2010 11:19:20,DIB0285,PC-1268,Connect
device,{B5P3-Y3FW46FJ-4651AYFO},09/07/2010 11:23:39,DIB0285,PC-1268,Disconnect
device,{K2U8-I0TF25NK-3504YXPZ},09/07/2010 11:59:30,DIB0285,PC-1268,Connect
device,{R7K2-R9TC65ML-9365GZLR},09/07/2010 11:59:36,DIB0285,PC-1268,Disconnect
device,{B3R4-T7OF61SN-6564PTSK},09/07/2010 12:57:49,DIB0285,PC-1268,Connect
device,{A4L9-K1ZT27YP-2477BKXU},09/07/2010 13:10:00,DIB0285,PC-1268,Disconnect
device,{G5Z1-Y1ZV51FT-2317MXCN},09/07/2010 13:33:37,DIB0285,PC-1268,Connect
device,{O1J2-Q8CS69XP-1447VIUT},09/07/2010 13:42:57,DIB0285,PC-1268,Disconnect
device,{E3J2-X4PA21QU-0292PJAN},09/07/2010 14:46:30,DIB0285,PC-1268,Connect
device,{Q0V0-R8RN57EM-7021MACL},09/07/2010 15:14:47,DIB0285,PC-1268,Disconnect
device,{J0J9-J1HN52ZW-9646ZOLV},09/07/2010 15:47:00,DIB0285,PC-1268,Connect
device,{E6S9-D0NL84WG-5702ZGPE},09/07/2010 15:51:59,DIB0285,PC-1268,Disconnect
device,{K8G7-K2PH87QX-9948QFEX},09/07/2010 17:39:30,DIB0285,PC-1268,Connect
device,{D9D9-X7BX17PA-9395CGGJ},09/07/2010 18:00:38,DIB0285,PC-1268,Disconnect
device,{B6R5-G2JP25DS-1076EXOP},09/08/2010 10:17:14,DIB0285,PC-1268,Connect
device,{A8Q7-W6EA64VZ-7396ETDP},09/08/2010 10:30:10,DIB0285,PC-1268,Disconnect
device,{S1G7-V2WK66MF-2483WLEC},09/08/2010 11:51:14,DIB0285,PC-1268,Connect
device,{E6I9-O8WH45UX-8824IDNH},09/08/2010 12:06:40,DIB0285,PC-1268,Disconnect
device,{V2C4-E8VP36PW-2095RTUE},09/08/2010 12:50:00,DIB0285,PC-1268,Connect
device,{Q7B8-O3PL04PA-5235HSYT},09/08/2010 12:54:26,DIB0285,PC-1268,Disconnect
device,{D4B7-J3XW82AY-0921NETJ},09/08/2010 14:22:57,DIB0285,PC-1268,Connect
device,{E6U1-R7KU78MG-1983YODA},09/08/2010 14:33:15,DIB0285,PC-1268,Disconnect
device,{L3Q4-O6SY58VQ-4924BXSH},09/08/2010 17:23:48,DIB0285,PC-1268,Connect
device,{A6H7-X4IX70HA-7631OLRY},09/08/2010 17:49:33,DIB0285,PC-1268,Disconnect
device,{K2A7-E3ZC31MH-2298BTWH},09/10/2010 11:16:16,DIB0285,PC-1268,Connect
device,{Z7K3-R1SB43IK-1242EPIP},09/10/2010 11:53:10,DIB0285,PC-1268,Disconnect
device,{X5H6-M7KK42JN-2609SVDY},09/10/2010 12:10:40,DIB0285,PC-1268,Connect
device,{B0L5-B3QK20SW-6127TTVT},09/10/2010 12:41:15,DIB0285,PC-1268,Disconnect
device,{A3N2-F2AC14OC-7282FKJY},09/10/2010 14:58:07,DIB0285,PC-1268,Connect
device,{J6D1-F1RY98FH-1242SYNQ},09/10/2010 16:30:44,DIB0285,PC-1268,Disconnect
device,{J5B6-U2QD18XO-5491UWRF},09/10/2010 16:46:38,DIB0285,PC-1268,Connect
device,{P4V1-Z4CL21BJ-3386DICI},09/10/2010 17:08:51,DIB0285,PC-1268,Disconnect
device,{N1K6-L9NJ93HN-6724ZWYP},09/10/2010 17:24:35,DIB0285,PC-1268,Connect
device,{O4M5-J7LA36CT-6979YNLG},09/10/2010 17:49:11,DIB0285,PC-1268,Disconnect
device,{C9I4-E3MK43PH-1001VGQG},09/13/2010 11:03:09,DIB0285,PC-1268,Connect
device,{B5I0-Y6QD65KO-3897UPCM},09/13/2010 11:25:55,DIB0285,PC-1268,Disconnect
device,{Q2Q1-P0KX20MU-4172CNUA},09/13/2010 11:44:17,DIB0285,PC-1268,Connect
device,{Q7E8-K8UP87RY-7049RCFB},09/13/2010 12:16:28,DIB0285,PC-1268,Disconnect
device,{L6N4-P9DO90OH-4770FOLH},09/13/2010 12:16:47,DIB0285,PC-1268,Connect
device,{F3H0-F6DB47IE-3739WJMR},09/13/2010 12:23:51,DIB0285,PC-1268,Disconnect
device,{M2F2-D1ET34CO-9665RHEZ},09/13/2010 13:26:30,DIB0285,PC-1268,Connect
device,{J2I3-J8HN77ZJ-0044MQJG},09/13/2010 13:37:55,DIB0285,PC-1268,Disconnect
device,{M9G4-T5SL58HO-7397KKVK},09/13/2010 17:04:02,DIB0285,PC-1268,Connect
device,{O0T6-W2IF23QP-7019KDSK},09/13/2010 17:13:29,DIB0285,PC-1268,Disconnect
