http,{A0O9-M7WZ05PV-4363RXNL},07/13/2010 13:19:15,RAR0725,PC-4159,http://hp.com/WboUhagvat1944152218.jsp,equivalent interface responsibilities people responsibilities years process contribute industry dynamic strong relocation interface sales multiple equivalent management starter team interface interface dynamic starter job permanent analyze start equivalent team engineer passion years resume dynamic visual passion required industry contribute strong permanent concepts concepts people concepts engineer responsibilities develop job expert analyze contribute develop contribute
http,{X8V4-G1HO84WQ-0956BQIA},07/15/2010 12:21:43,RAR0725,PC-4159,http://harris.com/WboUhagvat1919385663.htm,platform people contribute process self sales initiative resume sales relocation passion responsibilities expert strong experience team customer required report years develop responsibilities equivalent responsibilities analyze required technologies technologies customer degree technologies skills benefits on-time skills multitask multitask guidance develop team salary concepts multitask
email,{M7F3-A8KO75YA-3900GPZO},07/21/2010 12:07:51,RAR0725,PC-4159,Key-Janna@hp.com,,,Raphael.Aristotle.Ray@dtaa.com,28046,0,management part-time resume team equivalent management required develop sales analyze equivalent equivalent start responsibilities concepts equivalent customer analyze process growth multitask dynamic job people growth equivalent expert multiple contribute initiative guidance multitask analyze guidance skills report years customer develop required develop contribute platform process
email,{A3J8-E3YM17QD-1425TCOG},07/21/2010 12:17:38,RAR0725,PC-4159,Key-Janna@hp.com,,,Raphael.Aristotle.Ray@dtaa.com,22395,0,people on-time initiative start permanent resume sales concepts strong job interface self strong initiative skills concepts multitask resume on-line multiple team industry required recruiter initiative permanent industry multiple start multiple contribute process hours skills equivalent sales initiative industry team customer customer initiative passion skills part-time passion process opening develop skills platform years management report platform guidance opening contribute
http,{F9A1-W4IU16EO-0146JWHN},07/21/2010 13:11:56,RAR0725,PC-4159,http://raytheon.com/WboUhagvat343187784.jsp,permanent skills people growth benefits process guidance concepts skills platform contribute on-line on-line experience people strong equivalent growth sales skills concepts start job years industry multitask on-line start contribute start strong experience experience resume industry years
http,{N6N3-L7VD12ZD-4247LROD},07/22/2010 11:54:03,RAR0725,PC-4159,http://boeing.com/WboUhagvat1904327536.htm,multiple recruiter people multiple opening customer guidance concepts contribute concepts passion growth opening customer experience customer growth guidance dynamic experience passion analyze starter recruiter opening job experience required concepts customer industry benefits experience benefits industry platform start analyze experience years dynamic interface years salary experience expert platform experience experience opening required experience team customer guidance customer contribute permanent part-time opening expert on-time passion sales
http,{S4B4-Y1ZX00HV-2538ODWE},07/26/2010 12:08:13,RAR0725,PC-4159,http://indeed.com/WboUhagvat1680703797.html,job resume compensation salary skills industry contribute customer resume on-line start team degree job equivalent concepts multitask opening guidance people required strong experience people develop multiple
email,{R1D1-K6PL83QG-4342ZDPM},07/28/2010 10:23:54,RAR0725,PC-4159,Key-Janna@hp.com,,,Raphael.Aristotle.Ray@dtaa.com,31687,0,responsibilities skills management guidance people skills responsibilities required experience expert passion required start multiple sales on-time experience sales multiple hours benefits dynamic customer technologies opening concepts skills job interface contribute multiple concepts part-time contribute dynamic technologies start resume resume multitask concepts degree team platform dynamic multitask initiative skills technologies contribute opening job report
email,{S5X0-N8NK92ZD-3614TQZU},07/28/2010 14:45:00,RAR0725,PC-4159,Key-Janna@hp.com,,,Raphael.Aristotle.Ray@dtaa.com,24455,0,salary management customer multitask contribute job team dynamic customer expert management interface technologies equivalent strong equivalent required years skills degree management multitask passion on-time required resume platform skills contribute customer opening resume required multiple customer degree management opening customer contribute visual report years sales responsibilities technologies resume engineer growth growth years multiple start dynamic growth sales develop sales benefits multitask customer relocation platform skills benefits industry technologies required dynamic
device,{L8M2-P7JF87AV-0185KWUN},08/04/2010 08:56:40,RAR0725,PC-4159,Connect
device,{P7L0-T5FR49US-3629DZUN},08/04/2010 09:10:27,RAR0725,PC-4159,Disconnect
device,{E5G2-L2DA70MB-0094UZNC},08/04/2010 10:21:20,RAR0725,PC-4159,Connect
device,{P1O2-N9BE06PZ-1868ERES},08/04/2010 10:53:34,RAR0725,PC-4159,Disconnect
device,{S1G7-J9FE70IM-0254AYIY},08/04/2010 11:00:44,RAR0725,PC-4159,Connect
device,{P2W9-Z5DH43DB-2038RQIH},08/04/2010 11:05:06,RAR0725,PC-4159,Disconnect
device,{W2P2-Q9CM49RT-0080FJYA},08/04/2010 12:12:34,RAR0725,PC-4159,Connect
device,{F7O5-M1QU11DS-7406HDMX},08/04/2010 12:17:16,RAR0725,PC-4159,Disconnect
device,{K2Q8-O2KR34BF-2102HKZE},08/04/2010 12:47:19,RAR0725,PC-4159,Connect
device,{C3U4-B6BU91XX-2445ZCXB},08/04/2010 13:04:45,RAR0725,PC-4159,Disconnect
device,{O7U5-I7EO37EQ-8833VLHF},08/04/2010 13:11:47,RAR0725,PC-4159,Connect
device,{E1M5-H2PH69IF-9462PKGQ},08/04/2010 14:03:50,RAR0725,PC-4159,Disconnect
device,{T2H5-E1TM64FU-1678WIHP},08/04/2010 14:39:39,RAR0725,PC-4159,Connect
device,{R4H1-M3DD03DT-3039MWUS},08/04/2010 14:56:28,RAR0725,PC-4159,Disconnect
device,{P3O2-Q1UJ00UB-9130BSNR},08/04/2010 15:36:54,RAR0725,PC-4159,Connect
device,{Z3F9-P3YX38OG-7497UHDF},08/04/2010 15:47:21,RAR0725,PC-4159,Disconnect
device,{R9I1-E3UN07EO-4900VTDN},08/06/2010 07:52:18,RAR0725,PC-4159,Connect
device,{L3L1-A3CK95VN-7567IFMJ},08/06/2010 07:54:26,RAR0725,PC-4159,Disconnect
device,{R0Z1-V9HL02YX-2593QQXU},08/06/2010 07:56:43,RAR0725,PC-4159,Connect
device,{U9K1-T9LA95YR-3345ZKRI},08/06/2010 07:57:47,RAR0725,PC-4159,Disconnect
device,{L7T7-U5EK43PG-2154LQPO},08/06/2010 13:03:13,RAR0725,PC-4159,Connect
device,{T3H9-P0KH52HX-5615BJPT},08/06/2010 13:05:06,RAR0725,PC-4159,Disconnect
device,{K9H6-M2SF69FL-8433ZCUA},08/06/2010 13:08:30,RAR0725,PC-4159,Connect
device,{J5S8-E3ZU23UK-4676MLGN},08/06/2010 13:11:02,RAR0725,PC-4159,Disconnect
device,{T1E6-U3HV78BJ-1569UCHX},08/06/2010 13:11:20,RAR0725,PC-4159,Connect
device,{X1S5-P5GB80GV-2114BODW},08/06/2010 13:12:57,RAR0725,PC-4159,Disconnect
device,{R3K8-U7XG40AG-2042KMFT},08/06/2010 13:14:49,RAR0725,PC-4159,Connect
device,{B1N1-H2FK36CB-5776TWEM},08/06/2010 13:15:39,RAR0725,PC-4159,Disconnect
device,{Z3D5-U2CZ40FC-7462AICM},08/06/2010 14:39:15,RAR0725,PC-4159,Connect
device,{Y1F5-C3BD23MD-0798GGYI},08/06/2010 14:42:22,RAR0725,PC-4159,Disconnect
device,{T1L6-Y6PE75YS-1015QZRX},08/09/2010 09:26:07,RAR0725,PC-4159,Connect
device,{U3G1-F7CU47XC-7489FQZS},08/09/2010 09:42:30,RAR0725,PC-4159,Disconnect
device,{F4G6-N8OK00AJ-3318ZTBP},08/09/2010 10:54:17,RAR0725,PC-4159,Connect
device,{X9D8-U0YU66TC-0978JSQI},08/09/2010 11:07:39,RAR0725,PC-4159,Disconnect
device,{G0O5-W0XK35RW-1506OSPV},08/09/2010 12:44:22,RAR0725,PC-4159,Connect
device,{U4X9-V2AV99YT-1349TAMY},08/09/2010 13:38:48,RAR0725,PC-4159,Disconnect
device,{K7G0-W4UU16IF-4332JYLM},08/09/2010 13:55:06,RAR0725,PC-4159,Connect
device,{V7E6-T9BH97MW-5844EIPU},08/09/2010 14:20:58,RAR0725,PC-4159,Disconnect
device,{V1B1-B2ZN91YA-1545VWJD},08/09/2010 15:11:38,RAR0725,PC-4159,Connect
device,{H4X3-S3JV87VV-7459QDAY},08/09/2010 15:21:27,RAR0725,PC-4159,Disconnect
device,{R8O8-H4IB46TF-9617XTKU},08/09/2010 15:47:22,RAR0725,PC-4159,Connect
device,{I0Z7-X4XM80EK-0463NFLN},08/09/2010 15:49:33,RAR0725,PC-4159,Disconnect
device,{G7C6-U1RI07YR-4394DILD},08/12/2010 09:55:48,RAR0725,PC-4159,Connect
device,{C7D0-E1MY14WT-5733MSHR},08/12/2010 09:59:45,RAR0725,PC-4159,Disconnect
device,{E5E8-X5NR77MA-3597KVFT},08/12/2010 11:20:31,RAR0725,PC-4159,Connect
device,{V2T7-J9DE69ZH-3184NQVS},08/12/2010 11:27:41,RAR0725,PC-4159,Disconnect
device,{F5N9-S7LP28RE-7445KYLN},08/12/2010 13:36:26,RAR0725,PC-4159,Connect
device,{T5N6-M4GT00OF-2685DTYC},08/12/2010 13:40:19,RAR0725,PC-4159,Disconnect
device,{Y8K7-K1WT24UP-8197XNRT},08/12/2010 14:54:40,RAR0725,PC-4159,Connect
device,{H7O8-D0HI13OB-1702KCVJ},08/12/2010 15:14:23,RAR0725,PC-4159,Disconnect
device,{I2Q8-D0GZ92RU-6343NHPD},08/12/2010 16:09:09,RAR0725,PC-4159,Connect
device,{R7Z7-A4KV28VH-6807JSNY},08/12/2010 16:14:04,RAR0725,PC-4159,Disconnect
device,{G0U0-R5LI39VB-6894AOMI},08/18/2010 07:58:31,RAR0725,PC-4159,Connect
device,{B1F2-U9YK87LB-2704LGAV},08/18/2010 08:03:25,RAR0725,PC-4159,Disconnect
device,{K5V2-Y2WW77VH-7673JTDU},08/18/2010 08:43:29,RAR0725,PC-4159,Connect
device,{R0E8-O5XB54XF-8957NCEC},08/18/2010 09:11:06,RAR0725,PC-4159,Disconnect
device,{D4S0-W5WL83TW-0938EJMM},08/18/2010 09:34:49,RAR0725,PC-4159,Connect
device,{I7O5-W2NK42JO-9252RRDA},08/18/2010 10:30:52,RAR0725,PC-4159,Disconnect
device,{V9U4-V4AD23VI-1982YZYS},08/18/2010 12:47:27,RAR0725,PC-4159,Connect
device,{P6F8-E0NP62RB-8851AVIT},08/18/2010 12:55:51,RAR0725,PC-4159,Disconnect
device,{S8L2-H1CT14QC-9103SAUG},08/18/2010 14:32:06,RAR0725,PC-4159,Connect
device,{H1I5-I0BD02RZ-7833YJXD},08/18/2010 15:12:28,RAR0725,PC-4159,Disconnect
device,{O9F8-L5SM89QM-9541JTMZ},08/18/2010 16:16:40,RAR0725,PC-4159,Connect
device,{C4N6-K2EJ42KQ-4540IYCJ},08/18/2010 16:37:57,RAR0725,PC-4159,Disconnect
