http,{I3L5-V9DN32BM-4266KPHM},02/07/2011 13:02:50,CEJ0109,PC-6980,http://linkedin.com/WboUhagvat1479839504.aspx,opening develop technologies required job analyze passion job strong benefits degree starter years multiple technologies opening team industry opening contribute passion relocation management process start multiple customer develop multiple hours process required benefits resume degree experience expert years experience strong initiative multitask starter salary years years
http,{S3Y7-R3DR73QJ-9603QIUV},02/11/2011 11:32:08,CEJ0109,PC-6980,http://lockheedmartin.com/WboUhagvat1636367808.htm,opening on-time recruiter resume degree growth start compensation responsibilities report years opening degree years guidance guidance responsibilities skills develop passion team on-time strong report required concepts experience years sales guidance report responsibilities opening years passion contribute report job initiative job sales equivalent part-time guidance growth skills analyze degree self concepts management interface strong years growth skills report hours degree relocation growth experience resume analyze on-time contribute develop multitask industry required guidance
email,{J7N2-C0CC74FZ-2942XSDV},02/15/2011 13:13:02,CEJ0109,PC-6980,Hayfa_Newman@raytheon.com,,,Casey.Edward.Joyce@dtaa.com,32754,0,job expert initiative interface benefits process analyze job on-time industry on-time analyze growth required multitask part-time strong required sales platform people dynamic multitask years benefits on-time skills industry on-line initiative resume years required management industry growth resume technologies multiple management interface analyze required years multiple strong customer multitask sales job salary platform process required management contribute skills dynamic passion guidance benefits resume
email,{Y2W3-V7OQ07BN-3595CDRP},02/18/2011 16:40:08,CEJ0109,PC-6980,Hayfa_Newman@raytheon.com,,,Casey.Edward.Joyce@dtaa.com,43073,0,opening customer develop on-time multiple dynamic multiple equivalent experience start on-time guidance on-time self contribute years customer starter experience dynamic years starter starter industry skills experience responsibilities years opening concepts report sales interface opening required
http,{R5B9-X8UA33KD-9238JIKQ},02/24/2011 12:13:20,CEJ0109,PC-6980,http://raytheon.com/WboUhagvat343187784.jsp,customer experience responsibilities degree responsibilities strong permanent multiple experience strong platform customer interface required years concepts experience growth concepts self years passion experience initiative analyze team technologies starter passion multiple interface equivalent contribute years industry
http,{Z7R1-C6PY77LN-2528LWHK},02/28/2011 13:18:56,CEJ0109,PC-6980,http://harris.com/WboUhagvat1919385663.htm,salary on-time strong on-time develop responsibilities resume recruiter develop expert sales dynamic job experience concepts passion passion report report growth multiple concepts initiative platform industry strong platform benefits experience benefits expert strong
device,{K4O6-W1MN77ES-4009VJMG},03/15/2011 11:23:01,CEJ0109,PC-6980,Connect
device,{X8X4-I2VL13WT-6567VFGV},03/15/2011 11:29:00,CEJ0109,PC-6980,Disconnect
device,{E6E6-V5MU26KP-4140WWXA},03/15/2011 12:14:48,CEJ0109,PC-6980,Connect
device,{U9Z9-L1MN55RH-4416XCDZ},03/15/2011 12:18:16,CEJ0109,PC-6980,Disconnect
device,{G6Q0-U5EI05NU-3355BYHW},03/15/2011 13:52:15,CEJ0109,PC-6980,Connect
device,{F6E6-J9JA43MU-3650IJWE},03/15/2011 13:55:36,CEJ0109,PC-6980,Disconnect
device,{H9X6-R6XL39HR-8108SONA},03/15/2011 14:36:42,CEJ0109,PC-6980,Connect
device,{T5Y4-R7YZ60UJ-7287DXAJ},03/15/2011 14:55:49,CEJ0109,PC-6980,Disconnect
device,{L3E5-Z5IV09EQ-5311SUSK},03/15/2011 15:30:13,CEJ0109,PC-6980,Connect
device,{X8N2-V2AX49BR-9232AOYR},03/15/2011 16:29:11,CEJ0109,PC-6980,Disconnect
device,{S4I1-P3WP63AV-7270XKVG},03/21/2011 09:57:01,CEJ0109,PC-6980,Connect
device,{C6K5-E8LX63MK-4350WXXM},03/21/2011 10:33:29,CEJ0109,PC-6980,Disconnect
device,{Z3X2-B8KQ93IK-3429EQHU},03/21/2011 10:39:11,CEJ0109,PC-6980,Connect
device,{D8P7-U7AI11QM-9546PHBG},03/21/2011 11:08:33,CEJ0109,PC-6980,Disconnect
device,{C1Z2-P7AU33UZ-4827VVHK},03/21/2011 13:27:38,CEJ0109,PC-6980,Connect
device,{F9S4-J2ZS08NN-0194XJNB},03/21/2011 13:39:23,CEJ0109,PC-6980,Disconnect
device,{Y4W8-Z9AA75ZF-0249BOIW},03/21/2011 14:37:39,CEJ0109,PC-6980,Connect
device,{C7A8-V0KT77ZI-3306IBQR},03/21/2011 15:21:35,CEJ0109,PC-6980,Disconnect
device,{M5U3-T3DV67BG-0908KEIX},03/21/2011 15:46:31,CEJ0109,PC-6980,Connect
device,{B6V5-M3IG83AF-6277UHYV},03/21/2011 15:52:22,CEJ0109,PC-6980,Disconnect
device,{N0H2-N6AE18PO-3081LWMK},03/21/2011 17:41:48,CEJ0109,PC-6980,Connect
device,{T7O2-U5MM50GB-4412NMJU},03/21/2011 18:12:45,CEJ0109,PC-6980,Disconnect
device,{B4J2-L2WZ08ZY-0920QRZB},03/22/2011 11:30:41,CEJ0109,PC-6980,Connect
device,{U3G5-U9BX87KF-3544PHGH},03/22/2011 11:31:14,CEJ0109,PC-6980,Disconnect
device,{P7I1-H3UB03XT-5310HCPF},03/22/2011 11:32:36,CEJ0109,PC-6980,Connect
device,{A2P7-O5OA41MW-3855VLJI},03/22/2011 11:34:50,CEJ0109,PC-6980,Disconnect
device,{D5O5-J4BA45UN-9451KDZC},03/22/2011 11:56:17,CEJ0109,PC-6980,Connect
device,{W1W6-L9FR31VF-4429EMUP},03/22/2011 11:56:26,CEJ0109,PC-6980,Disconnect
device,{L1G9-N0HT12KP-0214OVBG},03/22/2011 11:58:40,CEJ0109,PC-6980,Connect
device,{G1D6-G3PB98YN-6109UBYA},03/22/2011 11:59:16,CEJ0109,PC-6980,Disconnect
device,{I2E0-U5QK50HG-3369UOFQ},03/22/2011 12:04:41,CEJ0109,PC-6980,Connect
device,{G2I7-O1BQ89RS-0662BAKR},03/22/2011 12:04:59,CEJ0109,PC-6980,Disconnect
device,{U8U1-G1ME92FR-8391ONPA},03/22/2011 12:06:38,CEJ0109,PC-6980,Connect
device,{M1Q0-S3UI22FX-2299KLWD},03/22/2011 12:09:33,CEJ0109,PC-6980,Disconnect
device,{Z4J2-N5NJ67BG-5667QYMJ},03/22/2011 12:10:11,CEJ0109,PC-6980,Connect
device,{Y3E5-B4RW33KQ-7094ISWA},03/22/2011 12:10:31,CEJ0109,PC-6980,Disconnect
email,{W2U2-U9TW63UR-1305WVNR},03/23/2011 09:44:38,CEJ0109,PC-6980,Rose.Hanae.Yates@dtaa.com,,,Casey.Edward.Joyce@dtaa.com,29507,0,notice thanks thanks week letter letter notice my notice 2 tender exit of week resignation letter notice exit of resignation week week 2 2 resign week week tender resignation letter my tender week resignation key my resignation week opportunity week of tender of position interview tender my key exit resignation resign week tender position interview my exit position notice
device,{N1P7-Y7VE38TH-2892LEPV},03/24/2011 09:46:55,CEJ0109,PC-6980,Connect
device,{G1P0-M8JG63LB-2304MJDP},03/24/2011 09:51:34,CEJ0109,PC-6980,Disconnect
device,{B5C9-V2YE43ZW-0342GMTJ},03/24/2011 12:39:36,CEJ0109,PC-6980,Connect
device,{P6X5-P0YJ94VQ-2961FTYW},03/24/2011 12:50:10,CEJ0109,PC-6980,Disconnect
device,{L5I0-O1HL92KJ-4155JHNV},03/24/2011 13:00:44,CEJ0109,PC-6980,Connect
device,{G5Z5-D7FT55BG-6334FLLX},03/24/2011 13:31:42,CEJ0109,PC-6980,Disconnect
device,{W8C5-X5VA31RL-6196WZTK},03/24/2011 15:50:21,CEJ0109,PC-6980,Connect
device,{B8O9-C3FL63AH-0293UCLW},03/24/2011 16:16:20,CEJ0109,PC-6980,Disconnect
device,{K2A8-G3ML99VP-0694EQPC},03/24/2011 16:25:42,CEJ0109,PC-6980,Connect
device,{D5P5-L0JX61NO-4464COVL},03/24/2011 16:28:40,CEJ0109,PC-6980,Disconnect
device,{K4F1-R6HU21DB-3996IYJE},03/25/2011 12:24:43,CEJ0109,PC-6980,Connect
device,{S6B6-Z6UL77JE-4172JLAL},03/25/2011 12:47:57,CEJ0109,PC-6980,Disconnect
device,{U7V5-D1ZH63RB-7266ZNOW},03/25/2011 12:56:12,CEJ0109,PC-6980,Connect
device,{J9L8-E2VK79JT-5551IKWJ},03/25/2011 13:09:21,CEJ0109,PC-6980,Disconnect
device,{B5K2-X3FJ69AX-2225NYOU},03/25/2011 13:36:15,CEJ0109,PC-6980,Connect
device,{Y3Q9-Q0OM99OM-5430CLBB},03/25/2011 13:53:01,CEJ0109,PC-6980,Disconnect
device,{P4S4-X2FO11ZO-6957GQPV},03/25/2011 16:46:09,CEJ0109,PC-6980,Connect
device,{X0G1-S4YN65EP-1864KWOE},03/25/2011 16:48:41,CEJ0109,PC-6980,Disconnect
device,{J6W5-W6AF77OT-5119ECKB},03/25/2011 16:50:09,CEJ0109,PC-6980,Connect
device,{V3W6-S3WL99MJ-4555YLJO},03/25/2011 17:49:31,CEJ0109,PC-6980,Disconnect
device,{N1A6-L7SG48YR-7690XLDY},04/01/2011 09:31:01,CEJ0109,PC-6980,Connect
device,{X2T9-W8PM09AN-3782HKOY},04/01/2011 09:42:23,CEJ0109,PC-6980,Disconnect
device,{C8U7-N4JR08WH-9864SJQW},04/01/2011 11:20:36,CEJ0109,PC-6980,Connect
device,{Z3T0-K9FR79GD-3698YSAL},04/01/2011 11:23:28,CEJ0109,PC-6980,Disconnect
device,{K1S8-D8QN13CI-4862UFAZ},04/01/2011 12:15:16,CEJ0109,PC-6980,Connect
device,{F3E3-T3HB83GN-0238GMJY},04/01/2011 12:32:45,CEJ0109,PC-6980,Disconnect
device,{L8X5-S1CP98OT-8401GXOF},04/01/2011 12:58:37,CEJ0109,PC-6980,Connect
device,{Z4E0-L6WI77ZO-3798TWAA},04/01/2011 13:30:12,CEJ0109,PC-6980,Disconnect
device,{Y8G7-W1DD69ZA-1169DCOJ},04/01/2011 14:14:29,CEJ0109,PC-6980,Connect
device,{Z6N4-G0AP35NG-0619SLJP},04/01/2011 14:41:13,CEJ0109,PC-6980,Disconnect
device,{J1H2-E4RH16UD-2898AVRL},04/01/2011 15:35:57,CEJ0109,PC-6980,Connect
device,{Z9P3-M5EQ18HV-3058SQBU},04/01/2011 15:43:59,CEJ0109,PC-6980,Disconnect
device,{E3L4-C8NF95WW-3299KYZW},04/01/2011 17:00:02,CEJ0109,PC-6980,Connect
device,{V5A0-S6ST01RA-8717BUUF},04/01/2011 17:23:43,CEJ0109,PC-6980,Disconnect
