http,{X6U3-N6KL44JW-1269HKGH},07/07/2010 12:39:31,IJM0776,PC-0198,http://linkedin.com/WboUhagvat1479839504.aspx,technologies benefits team opening guidance job people self required experience multitask sales relocation equivalent customer multiple develop initiative hours degree degree initiative multiple resume visual required platform experience responsibilities growth degree equivalent industry permanent growth initiative sales platform resume technologies contribute technologies sales multiple contribute contribute opening responsibilities on-time job concepts growth equivalent salary resume strong resume
email,{Z2Q5-F5FI03JK-9039GXYR},07/12/2010 15:04:56,IJM0776,PC-0198,Slater.Nigel@raytheon.com,,,Indira.Jocelyn.Mack@dtaa.com,32330,0,job compensation skills process initiative start degree equivalent concepts permanent sales permanent strong develop customer hours resume analyze self years experience job strong resume team start interface experience benefits job equivalent salary expert responsibilities develop resume job opening strong multitask dynamic growth responsibilities
http,{P0G8-O4GW65HN-0800GXTH},07/15/2010 12:04:40,IJM0776,PC-0198,http://raytheon.com/WboUhagvat343187784.jsp,required starter recruiter starter customer multitask degree resume passion start platform multitask growth technologies opening sales start multitask dynamic equivalent technologies part-time dynamic initiative contribute initiative contribute opening benefits required
email,{M8J0-U1AZ85RK-8544KRSO},07/15/2010 14:22:01,IJM0776,PC-0198,Slater.Nigel@raytheon.com,,,Indira.Jocelyn.Mack@dtaa.com,40539,0,interface salary passion growth job equivalent process concepts platform degree on-time people industry interface analyze multitask years dynamic opening skills responsibilities equivalent multitask opening equivalent salary initiative multitask benefits develop resume required benefits dynamic team benefits skills growth platform job growth start sales salary
http,{L4H4-F1NC18TR-9930NZHC},07/22/2010 11:46:02,IJM0776,PC-0198,http://hp.com/WboUhagvat1944152218.jsp,permanent resume start multitask concepts people multiple platform experience expert skills permanent equivalent initiative strong hours benefits responsibilities required technologies technologies degree engineer opening engineer years degree initiative industry sales management benefits benefits benefits guidance responsibilities resume concepts equivalent skills process management team team concepts resume years required report multiple on-line on-time opening multiple degree team concepts compensation
http,{Q2D2-N6RL82HY-9600NAEQ},07/26/2010 12:24:28,IJM0776,PC-0198,http://careerbuilder.com/WboUhagvat660170997.htm,responsibilities equivalent dynamic skills dynamic sales sales start compensation team management industry platform customer equivalent passion multitask part-time analyze contribute start skills hours degree sales experience equivalent years resume platform resume skills salary degree dynamic equivalent degree customer
email,{Q1K4-T0KN16TJ-4530NZSH},07/27/2010 10:35:32,IJM0776,PC-0198,Slater.Nigel@raytheon.com,,,Indira.Jocelyn.Mack@dtaa.com,23355,0,growth job customer job team permanent team job contribute strong compensation resume team call required responsibilities experience required skills multiple initiative opening people experience multiple degree experience years passion dynamic guidance job management passion benefits sales dynamic customer multitask benefits multitask resume degree required interface hours guidance industry platform engineer resume passion call hours engineer resume
http,{I1E2-Z8SC93ID-2976NHDK},07/27/2010 16:14:18,IJM0776,PC-0198,http://harris.com/WboUhagvat1919385663.htm,team sales passion years technologies customer on-line hours report industry compensation platform on-time strong years multitask analyze years passion required sales multiple skills growth contribute people sales responsibilities interface opening analyze management years engineer degree platform equivalent strong sales self experience customer required responsibilities team growth industry resume responsibilities report industry permanent multiple team required platform equivalent report people
http,{M4Z1-Q7OD70GX-3945NQFB},07/29/2010 12:38:48,IJM0776,PC-0198,http://jobhuntersbible.com/WboUhagvat1258877042.aspx,process expert start multitask initiative concepts responsibilities skills experience develop benefits expert management benefits start passion job contribute relocation platform experience multitask years guidance multiple team job job dynamic passion permanent years growth years people experience guidance initiative on-time starter permanent benefits resume contribute industry multitask technologies benefits
email,{A9Z5-H8XZ32ML-5966SPSO},08/03/2010 15:30:57,IJM0776,PC-0198,Slater.Nigel@raytheon.com,,,Indira.Jocelyn.Mack@dtaa.com,28786,0,skills permanent hours skills job expert relocation strong sales responsibilities experience skills engineer management people starter multitask resume resume visual develop starter starter interface management strong people customer required compensation required dynamic people self passion responsibilities analyze resume
http,{J3V1-H1BW04SJ-3140RVOQ},08/04/2010 16:19:07,IJM0776,PC-0198,http://raytheon.com/WboUhagvat343187784.jsp,guidance required develop skills on-time industry guidance analyze industry resume salary responsibilities engineer degree permanent resume sales opening equivalent initiative technologies multitask degree strong self resume develop customer initiative growth multiple resume job years develop growth expert dynamic
device,{X5U8-Z4XC86QS-5949ROKV},08/06/2010 09:27:24,IJM0776,PC-0198,Connect
device,{Z0S3-A5MX03AY-0184PNWO},08/06/2010 09:36:53,IJM0776,PC-0198,Disconnect
device,{X4G5-B2TE46HR-9348IGTU},08/06/2010 10:02:44,IJM0776,PC-0198,Connect
device,{P7M8-L1WJ21IN-4440SGHO},08/06/2010 10:04:49,IJM0776,PC-0198,Disconnect
device,{W7W5-I6VY17YK-7084RCZB},08/06/2010 10:34:17,IJM0776,PC-0198,Connect
device,{I6T7-E7DQ49AY-7272BMUI},08/06/2010 11:06:00,IJM0776,PC-0198,Disconnect
device,{U3H5-W4KJ81JS-9227LEFT},08/06/2010 11:23:02,IJM0776,PC-0198,Connect
device,{A1H5-L4VF58RY-2966GHQG},08/06/2010 11:41:54,IJM0776,PC-0198,Disconnect
device,{R7B5-C2WL21ZV-3910ZUEV},08/06/2010 11:58:42,IJM0776,PC-0198,Connect
device,{F2S3-Z1EX62UH-6536RJEF},08/06/2010 12:01:46,IJM0776,PC-0198,Disconnect
device,{V4G2-Q9NA28KG-0451GOPX},08/06/2010 13:29:14,IJM0776,PC-0198,Connect
device,{C2T8-D2FT35FC-5237EXDN},08/06/2010 13:44:55,IJM0776,PC-0198,Disconnect
device,{W7M0-D1TM79ZB-0119GDEG},08/06/2010 14:53:48,IJM0776,PC-0198,Connect
device,{U8C4-T5YP22TQ-0991RHKJ},08/06/2010 15:06:12,IJM0776,PC-0198,Disconnect
device,{Y8N9-Q0FY23UG-5168ZNJB},08/06/2010 16:04:05,IJM0776,PC-0198,Connect
device,{Y4L4-I4ME75UN-0866BYDW},08/06/2010 16:08:01,IJM0776,PC-0198,Disconnect
device,{Q6F6-P9JW56KR-9000CXSS},08/09/2010 09:28:24,IJM0776,PC-0198,Connect
device,{X9X0-X9TU16FT-3629GKNL},08/09/2010 09:30:48,IJM0776,PC-0198,Disconnect
device,{N8P8-P2XO97PY-7417CAXP},08/09/2010 10:18:56,IJM0776,PC-0198,Connect
device,{R0A1-J0HR31PP-1865HGFW},08/09/2010 10:39:59,IJM0776,PC-0198,Disconnect
device,{P1I1-V4DC16GS-4047WIHH},08/09/2010 11:58:12,IJM0776,PC-0198,Connect
device,{F3N1-D3UU45HG-1252DUTV},08/09/2010 12:11:03,IJM0776,PC-0198,Disconnect
device,{B6E4-Q3OD56SH-2797YQRT},08/09/2010 13:09:32,IJM0776,PC-0198,Connect
device,{Y0K7-M1NK83PN-9381CRPX},08/09/2010 13:11:10,IJM0776,PC-0198,Disconnect
device,{X1E6-H6HE77RA-0286LSGI},08/09/2010 13:35:21,IJM0776,PC-0198,Connect
device,{B0W0-P2PT08UH-6461PHSA},08/09/2010 13:55:28,IJM0776,PC-0198,Disconnect
device,{O1K9-J9TZ08BT-7217NGVR},08/09/2010 15:21:25,IJM0776,PC-0198,Connect
device,{K1K1-K0II02JI-2623KHRM},08/09/2010 15:52:03,IJM0776,PC-0198,Disconnect
email,{C2K4-B5OX45HX-9412TMCS},08/17/2010 10:36:14,IJM0776,PC-0198,Blaine.Helen.Cervantes@dtaa.com,,,Indira.Jocelyn.Mack@dtaa.com,21962,0,key week exit exit resignation resign opportunity position resignation of thanks resign notice of opportunity resign exit resignation opportunity week 2 notice of notice position position of tender resignation resign exit resign resign letter key interview of week position position resignation 2 resignation tender resignation thanks position position resignation week notice resign
device,{D7O2-I2OR88NL-1319MHOO},08/18/2010 08:38:59,IJM0776,PC-0198,Connect
device,{O1K3-S2KS39ZR-6929ZRQY},08/18/2010 08:56:06,IJM0776,PC-0198,Disconnect
device,{E9Q9-V3IP53RZ-3790HYEQ},08/18/2010 10:04:01,IJM0776,PC-0198,Connect
device,{E3R2-H2ZY77YR-0818NAKH},08/18/2010 10:10:12,IJM0776,PC-0198,Disconnect
device,{L0R2-T3NR42PR-5614EGPU},08/18/2010 11:08:01,IJM0776,PC-0198,Connect
device,{I9M8-V6BO34RB-5252JVAX},08/18/2010 11:29:56,IJM0776,PC-0198,Disconnect
device,{W2B3-Y7GZ23NB-4778GVTX},08/18/2010 11:49:02,IJM0776,PC-0198,Connect
device,{L8A4-W3DY23ET-4372GCLP},08/18/2010 11:49:49,IJM0776,PC-0198,Disconnect
device,{X1D9-E1EF88GO-1763CWPZ},08/18/2010 15:09:15,IJM0776,PC-0198,Connect
device,{W3T8-C1NM45SI-5549KSDW},08/18/2010 15:09:18,IJM0776,PC-0198,Disconnect
device,{Y9E5-V5HH62SG-9409LHWW},08/19/2010 08:51:04,IJM0776,PC-0198,Connect
device,{U0Q7-G7ZN74GX-0637UFYZ},08/19/2010 09:36:52,IJM0776,PC-0198,Disconnect
device,{A8U0-P2MW26CB-4944YHJU},08/19/2010 11:24:38,IJM0776,PC-0198,Connect
device,{P6I0-O1SE42OC-6718WMDM},08/19/2010 11:26:44,IJM0776,PC-0198,Disconnect
device,{N7S2-A5GS17SJ-3096VEFZ},08/19/2010 12:13:39,IJM0776,PC-0198,Connect
device,{A0H6-Y2IH34HG-7962YRDS},08/19/2010 12:15:29,IJM0776,PC-0198,Disconnect
device,{F7W1-I9ME40ZK-4808MZDZ},08/19/2010 12:59:34,IJM0776,PC-0198,Connect
device,{D9Y8-T8MD34MT-6777TRZH},08/19/2010 13:41:04,IJM0776,PC-0198,Disconnect
device,{Y5E1-W2QJ31HX-7361KZYQ},08/19/2010 13:53:21,IJM0776,PC-0198,Connect
device,{X1R5-P5SB84AH-2260GUFS},08/19/2010 14:23:27,IJM0776,PC-0198,Disconnect
device,{O0H0-X8RU01JS-1627QSWK},08/19/2010 15:26:19,IJM0776,PC-0198,Connect
device,{D0T4-F1XR96OV-0896QNMZ},08/19/2010 16:26:35,IJM0776,PC-0198,Disconnect
device,{T8H5-O6CK29SQ-5902MUYG},09/01/2010 08:36:58,IJM0776,PC-0198,Connect
device,{U2V3-O7PR95MM-4545ZOTV},09/01/2010 09:12:07,IJM0776,PC-0198,Disconnect
device,{P3U1-N0QD43JZ-0391IFYN},09/01/2010 09:20:16,IJM0776,PC-0198,Connect
device,{K8E2-D4YC98PD-2362MHUR},09/01/2010 09:28:06,IJM0776,PC-0198,Disconnect
device,{C7J8-Y4PY96IU-6668CFGZ},09/01/2010 09:45:54,IJM0776,PC-0198,Connect
device,{S7L0-P1GT06GS-3937FSUQ},09/01/2010 09:47:12,IJM0776,PC-0198,Disconnect
device,{X5L1-E0FL04BQ-4899FFHQ},09/01/2010 11:14:22,IJM0776,PC-0198,Connect
device,{C5K8-J2NO64NZ-6996HUSH},09/01/2010 11:26:26,IJM0776,PC-0198,Disconnect
device,{W4L7-W6OL17AH-2987RSZK},09/01/2010 11:39:09,IJM0776,PC-0198,Connect
device,{X4O0-P9ZF87OC-6463ZUHS},09/01/2010 11:45:08,IJM0776,PC-0198,Disconnect
device,{K7M5-P6BK69BI-4191OROQ},09/01/2010 11:50:08,IJM0776,PC-0198,Connect
device,{J8T6-V4IP22FD-0922IZAM},09/01/2010 12:05:09,IJM0776,PC-0198,Disconnect
device,{A0K9-M6KZ82SL-8069VMRA},09/01/2010 14:05:30,IJM0776,PC-0198,Connect
device,{I3Y1-T1CW57CB-8256EJMZ},09/01/2010 14:10:31,IJM0776,PC-0198,Disconnect
