http,{N9H4-V4CV23UZ-0507SWOZ},06/21/2010 10:44:24,RMW0542,PC-7543,http://linkedin.com/WboUhagvat1479839504.aspx,starter concepts salary compensation contribute analyze sales job team self self customer customer team industry equivalent team years growth years multiple multiple develop responsibilities degree responsibilities responsibilities team resume management dynamic strong call equivalent customer compensation required years concepts interface guidance benefits people develop customer strong resume opening industry customer job resume passion dynamic equivalent
email,{X5C3-R0IY04TS-5223GZHD},06/28/2010 08:10:39,RMW0542,PC-7543,BSM953@northropgrumman.com,,,Rae.Melissa.Wilson@dtaa.com,20999,0,required expert concepts team platform develop initiative people hours multiple benefits contribute permanent years skills required develop customer technologies platform equivalent salary responsibilities contribute skills report visual sales people technologies concepts interface responsibilities resume degree degree job equivalent management years multitask strong technologies compensation on-time responsibilities people passion multiple process sales years growth multiple experience resume contribute technologies passion develop
email,{K1V2-N0TJ26YL-6287YOLX},06/28/2010 08:50:30,RMW0542,PC-7543,BSM953@northropgrumman.com,,,Rae.Melissa.Wilson@dtaa.com,28989,0,salary industry opening sales platform passion resume resume responsibilities required concepts growth platform permanent multitask multiple team required interface multiple contribute management contribute passion initiative experience job on-time experience expert growth salary required opening dynamic interface contribute degree multiple required process initiative multitask strong on-time degree strong strong report skills process equivalent required experience equivalent part-time team multitask growth required concepts
email,{V9A1-A4PB35CK-5704UCXZ},06/28/2010 11:37:18,RMW0542,PC-7543,BSM953@northropgrumman.com,,,Rae.Melissa.Wilson@dtaa.com,33257,0,passion equivalent dynamic management on-time job platform on-line develop job develop passion strong report management dynamic hours experience skills degree on-line multitask sales years required multiple multiple required experience multiple report multiple years analyze people platform start benefits engineer years initiative develop years skills permanent people sales experience people required customer contribute develop job
http,{A1S1-N3YP70IA-0693MXAV},06/29/2010 10:51:56,RMW0542,PC-7543,http://aol.com/jobs/WboUhagvat1963819229.jsp,skills sales dynamic job platform interface experience develop report years expert customer initiative initiative team multitask management platform technologies people job years sales opening permanent customer benefits industry multiple skills interface dynamic skills growth responsibilities initiative contribute skills opening hours skills equivalent degree opening guidance experience opening
http,{Q1N8-D2CK16QI-5552FCHY},07/01/2010 10:55:38,RMW0542,PC-7543,http://linkedin.com/WboUhagvat1479839504.aspx,compensation technologies job industry customer experience responsibilities multiple starter job customer interface resume dynamic multitask management required sales responsibilities opening technologies team resume responsibilities process develop permanent opening contribute call equivalent job experience experience on-time experience multiple part-time resume starter permanent team relocation responsibilities passion report compensation sales sales experience recruiter
http,{L3A3-P8WE81BY-8076PJIU},07/02/2010 10:10:06,RMW0542,PC-7543,http://careerbuilder.com/WboUhagvat660170997.htm,develop industry growth permanent expert guidance strong recruiter benefits report platform opening multiple resume report skills skills experience years expert dynamic management strong develop equivalent multitask resume compensation customer opening expert industry contribute concepts passion initiative multiple develop on-time self required concepts hours develop experience management interface platform required platform resume
email,{L6D7-A4UM66VW-6094XMRX},07/02/2010 17:33:37,RMW0542,PC-7543,BSM953@northropgrumman.com,,,Rae.Melissa.Wilson@dtaa.com,26626,0,people start develop benefits dynamic compensation job sales experience experience customer guidance skills management equivalent initiative team technologies multiple interface initiative sales people interface start permanent contribute strong passion platform strong experience relocation analyze growth dynamic management compensation job sales skills equivalent degree hours analyze dynamic strong people skills visual expert multiple management team customer dynamic team
email,{N4F5-I6UV24TN-0111QODK},07/06/2010 11:19:28,RMW0542,PC-7543,BSM953@northropgrumman.com,,,Rae.Melissa.Wilson@dtaa.com,14918,0,report customer team engineer on-time customer multitask process job expert technologies technologies concepts technologies report concepts start years management multitask customer team equivalent management interface team skills technologies benefits dynamic customer customer multitask required growth develop dynamic growth multitask on-time multiple customer strong responsibilities equivalent job multiple hours customer years concepts
http,{V8H9-N7WB10HF-4870JSBQ},07/07/2010 12:49:00,RMW0542,PC-7543,http://indeed.com/WboUhagvat1680703797.html,years report equivalent management starter passion resume benefits guidance resume degree on-time skills multiple part-time required passion degree years platform opening passion team multiple multitask equivalent analyze years degree industry sales degree people concepts platform industry compensation strong job degree platform required experience on-time concepts strong job people dynamic industry skills skills growth develop strong multiple required skills opening team
http,{G9H8-N4VC06IM-2597VIYS},07/07/2010 13:41:14,RMW0542,PC-7543,http://indeed.com/WboUhagvat1680703797.html,initiative customer industry contribute guidance develop equivalent experience start required concepts opening opening growth platform starter required on-time passion interface degree required team interface industry contribute passion expert platform years sales permanent industry opening responsibilities salary interface years industry hours multitask develop required hours platform multitask opening hours degree years skills growth skills benefits multitask multiple sales permanent industry multitask
email,{E0B4-C1AB61YV-1663HQAA},07/13/2010 15:36:12,RMW0542,PC-7543,BSM953@northropgrumman.com,,,Rae.Melissa.Wilson@dtaa.com,11764,0,expert on-time strong develop benefits multitask start analyze permanent multitask resume concepts years process experience responsibilities people passion relocation on-line salary experience permanent technologies team degree experience concepts years dynamic visual guidance platform degree sales technologies multitask initiative contribute relocation growth customer resume interface dynamic process resume visual degree responsibilities strong contribute contribute experience develop resume responsibilities benefits technologies growth part-time
http,{H8V0-Y4IA38CM-5653IBBZ},07/14/2010 10:22:45,RMW0542,PC-7543,http://boeing.com/WboUhagvat1904327536.htm,job benefits start job degree required opening platform team responsibilities responsibilities salary develop job develop hours relocation start concepts industry experience contribute multiple required growth management call expert salary report initiative hours multitask strong salary starter technologies on-time equivalent team start sales multiple experience multiple required responsibilities resume process initiative management degree multiple platform multiple starter
email,{O4W4-R1YZ25CZ-5710GUPT},07/16/2010 14:02:29,RMW0542,PC-7543,BSM953@northropgrumman.com,,,Rae.Melissa.Wilson@dtaa.com,40631,0,equivalent recruiter industry management required opening permanent required benefits on-time dynamic passion on-line experience report process concepts years expert responsibilities contribute permanent start years start expert multiple engineer skills team start sales self experience industry develop develop growth opening
http,{W6O7-U2JP45KG-0105FLZO},07/20/2010 17:53:17,RMW0542,PC-7543,http://careerbuilder.com/WboUhagvat660170997.htm,strong growth degree guidance opening start resume guidance guidance part-time concepts develop industry permanent on-time technologies multiple report people resume concepts customer multitask interface guidance analyze skills job equivalent required strong dynamic platform multitask benefits develop years years passion develop part-time develop job benefits responsibilities responsibilities engineer years dynamic on-time degree permanent growth permanent expert sales customer opening technologies hours benefits analyze
device,{Z6M7-Y9XL33OX-4765EDPS},07/21/2010 08:59:29,RMW0542,PC-7543,Connect
device,{G1P1-Y3MD88YI-7143ASEF},07/21/2010 10:43:46,RMW0542,PC-7543,Connect
device,{C4R6-N0AV07MB-4765KCKY},07/21/2010 11:00:00,RMW0542,PC-7543,Disconnect
device,{G6U7-T9FZ81FP-1619JLOT},07/21/2010 11:36:06,RMW0542,PC-7543,Connect
device,{E2K0-I8PG48XJ-0259IYCP},07/21/2010 12:24:22,RMW0542,PC-7543,Disconnect
device,{J4V3-O0XQ90WX-6077SNCW},07/21/2010 12:47:17,RMW0542,PC-7543,Connect
device,{D0C8-U9WM85MB-6569ELPU},07/21/2010 13:37:23,RMW0542,PC-7543,Disconnect
device,{Y3T0-Y2RT28MH-2991HUAT},07/21/2010 14:46:27,RMW0542,PC-7543,Connect
device,{Y5X0-Z9GO10MD-0256YZOV},07/21/2010 14:51:41,RMW0542,PC-7543,Disconnect
device,{K9L7-V4QJ06UJ-7169EDQJ},07/21/2010 16:16:29,RMW0542,PC-7543,Connect
device,{M0A2-L3EW58WR-0641RUHI},07/21/2010 16:28:32,RMW0542,PC-7543,Disconnect
device,{W9L4-A8XY19UK-0864IWLC},07/21/2010 17:24:44,RMW0542,PC-7543,Connect
device,{O7K1-C3NS62BA-7229VUYB},07/21/2010 17:50:37,RMW0542,PC-7543,Disconnect
device,{M9L2-U8EF84BM-5610EVZC},07/23/2010 08:12:06,RMW0542,PC-7543,Connect
device,{Z8Y7-L8JZ27QQ-6044PBGF},07/23/2010 08:19:58,RMW0542,PC-7543,Disconnect
device,{U4P4-S8EK82GI-8777MPCN},07/23/2010 09:01:11,RMW0542,PC-7543,Connect
device,{Y7Y9-V4GP00PC-7241ZTPU},07/23/2010 09:11:26,RMW0542,PC-7543,Disconnect
device,{K0L5-E8JA74WE-3212GXAK},07/23/2010 11:35:43,RMW0542,PC-7543,Connect
device,{Y8O9-E3PA35XP-9136RQIR},07/23/2010 12:04:55,RMW0542,PC-7543,Disconnect
device,{K4S4-I0EE66MN-6344ITPT},07/23/2010 16:22:19,RMW0542,PC-7543,Connect
device,{S1L0-Y7CR64GH-9810VFQW},07/23/2010 16:33:11,RMW0542,PC-7543,Disconnect
device,{R2O3-T3UG63KP-2378HEVA},07/23/2010 16:35:45,RMW0542,PC-7543,Connect
device,{E4X6-H6KJ03TH-3581AWMI},07/23/2010 16:55:47,RMW0542,PC-7543,Disconnect
device,{L7X1-T3NN58IB-9772LYPK},07/26/2010 08:28:33,RMW0542,PC-7543,Connect
device,{P4X9-N2NN41UK-9627UBQW},07/26/2010 08:33:42,RMW0542,PC-7543,Disconnect
device,{D5U5-D4LU29MI-0815CMRC},07/26/2010 11:49:39,RMW0542,PC-7543,Connect
device,{T3S1-U2JQ91SZ-6769HIYJ},07/26/2010 11:52:27,RMW0542,PC-7543,Disconnect
device,{L9V0-O6AT55VY-8708JSQU},07/26/2010 13:16:49,RMW0542,PC-7543,Connect
device,{U3A6-G4EQ43KO-1117RJES},07/26/2010 13:29:08,RMW0542,PC-7543,Disconnect
device,{U1W2-E4WP79MN-5377SCYZ},07/26/2010 14:23:59,RMW0542,PC-7543,Connect
device,{X0M3-X2TF42YF-2257SYUS},07/26/2010 14:48:33,RMW0542,PC-7543,Disconnect
device,{E7O5-L6QN80TO-6012NFXD},07/26/2010 15:05:22,RMW0542,PC-7543,Connect
device,{U4G3-E2QV64GK-3311MSIV},07/26/2010 15:56:06,RMW0542,PC-7543,Disconnect
device,{I7B1-J3WR38TF-2302PBZV},07/26/2010 16:11:58,RMW0542,PC-7543,Connect
device,{L3B9-J1HD71NE-5845ZMOU},07/26/2010 16:51:09,RMW0542,PC-7543,Disconnect
device,{O9G6-O0PE37XW-2514RUDZ},07/29/2010 09:41:27,RMW0542,PC-7543,Connect
device,{R7A6-G3VF70UZ-8297MMDE},07/29/2010 10:10:23,RMW0542,PC-7543,Disconnect
device,{Y2L3-F1YH55TO-1846XIET},07/29/2010 10:24:16,RMW0542,PC-7543,Connect
device,{K8S5-G3GY34FE-9235SNIM},07/29/2010 10:41:22,RMW0542,PC-7543,Disconnect
device,{L6I0-Z7PW34DD-8381MJJJ},07/29/2010 11:45:39,RMW0542,PC-7543,Connect
device,{A8I4-Q4IA08IZ-6811NHED},07/29/2010 11:57:46,RMW0542,PC-7543,Disconnect
device,{D6M6-W9FC13HK-3887SWWS},07/29/2010 14:52:02,RMW0542,PC-7543,Connect
device,{R5T2-L3ND62JR-2552KQMI},07/29/2010 15:38:57,RMW0542,PC-7543,Disconnect
device,{V6W5-T3JB17WM-2221GHVU},07/29/2010 15:39:29,RMW0542,PC-7543,Connect
device,{I3X7-V8PU82JT-9046PCKS},07/29/2010 15:47:19,RMW0542,PC-7543,Disconnect
device,{H1N5-O9VF87OV-3143KIVF},07/29/2010 15:59:15,RMW0542,PC-7543,Connect
device,{G4S1-V9GC03SB-7713WCPG},07/29/2010 16:10:08,RMW0542,PC-7543,Disconnect
device,{N0N9-N5QT65SN-4425RXGN},08/04/2010 09:22:48,RMW0542,PC-7543,Connect
device,{K2O7-J2MD12OL-7420QSNW},08/04/2010 09:26:21,RMW0542,PC-7543,Disconnect
device,{U8I6-X1DI13DU-3624DTXT},08/04/2010 09:57:43,RMW0542,PC-7543,Connect
device,{Q2Q9-L8IO94JN-4701QLHE},08/04/2010 10:42:47,RMW0542,PC-7543,Disconnect
device,{E6K8-L4QJ31HV-5785NMIZ},08/04/2010 12:17:58,RMW0542,PC-7543,Connect
device,{O3T7-O5SS69TD-7014FOWW},08/04/2010 12:26:38,RMW0542,PC-7543,Disconnect
device,{F5K6-F1QA20DF-9702BJGX},08/04/2010 12:54:39,RMW0542,PC-7543,Connect
device,{C9N3-J9UO05EE-1406KHCL},08/04/2010 13:00:35,RMW0542,PC-7543,Disconnect
device,{M7P4-F9KF24UX-2374LDWE},08/04/2010 14:32:47,RMW0542,PC-7543,Connect
device,{Q0R3-Z8MK84QP-4127ABVD},08/04/2010 14:39:00,RMW0542,PC-7543,Disconnect
device,{A3D3-H2XD43OU-8799ZCTS},08/04/2010 14:41:22,RMW0542,PC-7543,Connect
device,{B5G4-Y9YD56IG-0923QWSZ},08/04/2010 14:58:23,RMW0542,PC-7543,Disconnect
device,{H3W7-D1SQ64AD-2883ZQHE},08/04/2010 15:45:45,RMW0542,PC-7543,Connect
device,{T3A6-C5LE80XO-7905AERJ},08/04/2010 15:59:26,RMW0542,PC-7543,Disconnect
device,{I9C9-K8JW86AX-2324HFRA},08/04/2010 17:32:42,RMW0542,PC-7543,Connect
device,{I5K9-C8MR61TY-2281NSQB},08/04/2010 17:46:30,RMW0542,PC-7543,Disconnect
device,{Y4Z6-X2LN62DM-2648JQIO},08/05/2010 09:01:10,RMW0542,PC-7543,Connect
device,{E8Y2-Q7BI95RZ-5664NMHY},08/05/2010 09:06:40,RMW0542,PC-7543,Disconnect
device,{A4F0-Z7KO09NE-7788SVEM},08/05/2010 10:18:51,RMW0542,PC-7543,Connect
device,{S3R3-R6WJ60CB-5733ENIX},08/05/2010 10:30:09,RMW0542,PC-7543,Disconnect
device,{E2D2-K2PV05RK-4011DBKB},08/05/2010 11:28:43,RMW0542,PC-7543,Connect
device,{N7S2-P0NS11AM-7104MQSI},08/05/2010 12:25:26,RMW0542,PC-7543,Disconnect
device,{K9T8-A3ZP23PR-6074GKVB},08/05/2010 13:45:14,RMW0542,PC-7543,Connect
device,{D6I6-W6OK45JH-6552UVKX},08/05/2010 13:53:36,RMW0542,PC-7543,Disconnect
device,{E8S7-N8TH33PY-3398CNQZ},08/05/2010 16:00:56,RMW0542,PC-7543,Connect
device,{W0X6-R6FX20HL-8858JVQV},08/05/2010 16:24:40,RMW0542,PC-7543,Disconnect
device,{T8P3-T4TL87GS-2697OQUD},08/10/2010 08:27:11,RMW0542,PC-7543,Connect
device,{L5J9-Z7IG13MA-4656GXES},08/10/2010 08:30:27,RMW0542,PC-7543,Disconnect
device,{I6M9-M9KW99OF-8260GPML},08/10/2010 09:09:27,RMW0542,PC-7543,Connect
device,{B1N1-Q7QQ86IP-1051VHGY},08/10/2010 10:33:34,RMW0542,PC-7543,Disconnect
device,{N0J6-M8IO76UO-7413FQKL},08/10/2010 10:35:03,RMW0542,PC-7543,Connect
device,{I7Y8-G4AS83FW-6459RSCL},08/10/2010 10:38:30,RMW0542,PC-7543,Disconnect
device,{L1Y2-I3KQ02SJ-7685CJFT},08/10/2010 11:29:12,RMW0542,PC-7543,Connect
device,{S2D4-Q8VM80HD-8130EDXJ},08/10/2010 11:29:54,RMW0542,PC-7543,Disconnect
device,{S0Z1-K9QT99WU-5632DLUA},08/10/2010 11:37:46,RMW0542,PC-7543,Connect
device,{U1X7-F0WR66WR-1781TULS},08/10/2010 11:44:09,RMW0542,PC-7543,Disconnect
device,{F5M3-B0NK36YC-2680YPQM},08/10/2010 11:57:43,RMW0542,PC-7543,Connect
device,{A0B1-Q0JE10QI-9545VXIJ},08/10/2010 12:10:04,RMW0542,PC-7543,Disconnect
device,{N2A4-B1MH85YH-3802UWGJ},08/18/2010 08:22:24,RMW0542,PC-7543,Connect
device,{J8V9-U2SP22ZT-3097ENJO},08/18/2010 08:42:57,RMW0542,PC-7543,Disconnect
device,{S9A4-F2SL76QX-9153LYUR},08/18/2010 11:21:05,RMW0542,PC-7543,Connect
device,{Z8M9-V4TI13VV-0241DASG},08/18/2010 11:39:53,RMW0542,PC-7543,Disconnect
device,{P0E6-K4CW99GA-1978VVYX},08/18/2010 12:54:16,RMW0542,PC-7543,Connect
device,{C7F7-C2OL95OP-2945RRVR},08/18/2010 13:16:20,RMW0542,PC-7543,Disconnect
device,{D6D8-J0YC73YM-9644BJBQ},08/18/2010 13:26:37,RMW0542,PC-7543,Connect
device,{M9J1-Q8UY25VS-1929DKNQ},08/18/2010 14:28:07,RMW0542,PC-7543,Disconnect
device,{K4Q7-Z8NB42EE-6047SFCE},08/18/2010 14:30:16,RMW0542,PC-7543,Connect
device,{L4I8-H5JU52UH-0706UQDI},08/18/2010 14:35:39,RMW0542,PC-7543,Disconnect
device,{M1S4-M0CR07HB-2832XTDV},08/18/2010 17:15:16,RMW0542,PC-7543,Connect
device,{R0V7-N4XP00DU-5525MFXI},08/18/2010 17:37:38,RMW0542,PC-7543,Disconnect
