email,{M4H4-C7FS83IM-4458GZLQ},09/10/2010 10:27:53,VSS0154,PC-6055,CIC4@northropgrumman.com,Vernon.Samuel.Sawyer@dtaa.com,,Vernon.Samuel.Sawyer@dtaa.com,26794,2,initiative required team customer degree required initiative industry opening analyze sales people develop responsibilities growth responsibilities degree years process recruiter years call hours experience platform dynamic concepts report technologies skills customer platform responsibilities concepts develop multitask expert passion years process initiative multiple industry responsibilities platform experience platform multiple required passion customer growth degree
email,{V1K4-Y6UL28SO-7092QQJW},09/10/2010 11:43:58,VSS0154,PC-6055,CIC4@northropgrumman.com,,Vernon.Samuel.Sawyer@dtaa.com,Vernon.Samuel.Sawyer@dtaa.com,32100,3,team experience strong industry team experience benefits start required sales sales skills analyze contribute platform management strong platform industry multiple resume skills initiative multitask resume process customer guidance multiple self customer sales skills skills skills experience resume skills resume
http,{N8K2-K6LX83QU-5338QFYJ},09/14/2010 08:32:26,VSS0154,PC-6055,http://jobhuntersbible.com/WboUhagvat1258877042.aspx,expert engineer contribute years experience start platform growth years team multiple job required growth experience industry resume team platform customer customer job team experience required skills develop initiative engineer industry develop experience skills expert develop degree strong permanent degree management multitask expert
email,{F1P6-H1EV21YX-1647EYER},09/15/2010 15:55:33,VSS0154,PC-6055,CIC4@northropgrumman.com,,Vernon.Samuel.Sawyer@dtaa.com,Vernon.Samuel.Sawyer@dtaa.com,23628,0,guidance on-time platform develop analyze management call customer required guidance industry opening industry initiative skills responsibilities multiple responsibilities engineer job equivalent guidance start years self responsibilities people dynamic management industry degree dynamic required report years years strong job equivalent resume initiative dynamic report degree technologies passion platform people concepts passion required expert strong expert required
http,{M7W7-A9TR99ZQ-1164VXMN},09/17/2010 18:28:20,VSS0154,PC-6055,http://jobhuntersbible.com/WboUhagvat1258877042.aspx,analyze years compensation develop industry compensation skills expert degree growth resume skills opening guidance responsibilities guidance customer initiative initiative technologies equivalent experience platform equivalent dynamic on-time resume on-time multiple develop industry resume experience job visual resume interface years opening technologies experience initiative years part-time opening required benefits equivalent
email,{L7I8-I0WX88QL-1968QQML},09/20/2010 10:15:23,VSS0154,PC-6055,CIC4@northropgrumman.com,Vernon.Samuel.Sawyer@dtaa.com,,Vernon.Samuel.Sawyer@dtaa.com,38719,3,report degree benefits experience sales permanent guidance starter required contribute industry permanent sales experience people process multiple equivalent self sales required team relocation concepts resume skills required opening permanent multiple growth passion strong permanent responsibilities sales report platform people customer salary opening job growth required
http,{H1N3-K1FD44GG-2101AGPX},09/20/2010 12:33:50,VSS0154,PC-6055,http://simplyhired.com/WboUhagvat57469130.jsp,opening guidance self people responsibilities skills strong industry start develop management platform report multiple initiative years dynamic experience relocation benefits technologies job experience technologies part-time resume degree responsibilities hours responsibilities permanent job start analyze strong equivalent growth guidance guidance required engineer management people job develop
email,{H5Z4-I8ZP02WN-5113GPND},09/21/2010 10:18:36,VSS0154,PC-6055,CIC4@northropgrumman.com,Vernon.Samuel.Sawyer@dtaa.com,,Vernon.Samuel.Sawyer@dtaa.com,36842,2,passion platform initiative technologies multitask management team equivalent strong resume starter interface management benefits platform passion permanent job on-time degree process industry initiative team interface develop part-time on-time resume people part-time experience industry growth degree responsibilities growth skills opening multiple part-time customer experience concepts degree concepts multitask management interface multitask
http,{L8I4-Y4TW24XH-9905NEXH},09/21/2010 12:06:54,VSS0154,PC-6055,http://monster.com/WboUhagvat1180707852.html,skills start benefits initiative job permanent on-time strong multitask report platform concepts team start responsibilities technologies experience experience hours required degree opening starter responsibilities concepts skills expert multitask growth customer people expert experience concepts platform degree required technologies opening develop part-time initiative sales platform starter permanent responsibilities
email,{E9U7-V7DQ31EF-3343QADU},09/27/2010 12:00:20,VSS0154,PC-6055,CIC4@northropgrumman.com,Vernon.Samuel.Sawyer@dtaa.com,,Vernon.Samuel.Sawyer@dtaa.com,38032,2,sales growth contribute opening customer skills develop strong contribute multiple develop people multiple customer develop concepts equivalent dynamic team benefits self industry process platform start platform resume experience growth opening responsibilities start experience develop multiple experience call multitask equivalent strong contribute on-time strong contribute interface years initiative initiative analyze skills contribute multitask relocation
email,{W8I9-I6VG84UR-6655HIQX},09/27/2010 13:08:02,VSS0154,PC-6055,CIC4@northropgrumman.com,Vernon.Samuel.Sawyer@dtaa.com,,Vernon.Samuel.Sawyer@dtaa.com,41149,0,start on-line starter start self industry benefits process customer management sales visual skills responsibilities opening opening industry multitask hours strong customer expert recruiter required expert initiative passion skills concepts concepts industry concepts passion start contribute concepts required multiple technologies benefits degree salary skills sales experience report degree technologies multitask strong
email,{B4Y3-M4PK29IQ-4753ONOZ},09/30/2010 09:25:54,VSS0154,PC-6055,CIC4@northropgrumman.com,Vernon.Samuel.Sawyer@dtaa.com,,Vernon.Samuel.Sawyer@dtaa.com,25738,2,passion on-line multiple compensation passion start job interface customer growth job job opening salary years degree job experience team on-time self dynamic starter required people resume resume contribute process develop contribute salary required multitask platform industry multiple compensation skills part-time experience on-line platform people team multiple people job customer develop team multiple contribute resume permanent team resume develop experience equivalent contribute initiative dynamic develop experience
email,{U0X9-J2TS49OT-1907OWVS},09/30/2010 16:04:42,VSS0154,PC-6055,CIC4@northropgrumman.com,,Vernon.Samuel.Sawyer@dtaa.com,Vernon.Samuel.Sawyer@dtaa.com,28537,0,responsibilities resume part-time starter multitask equivalent permanent visual strong passion concepts customer team opening team platform multiple opening initiative resume degree initiative on-line contribute resume skills multitask analyze resume multitask skills report responsibilities multitask experience equivalent multitask strong required customer required
email,{X9H7-N3YV92SW-0841NVMQ},09/30/2010 16:05:24,VSS0154,PC-6055,CIC4@northropgrumman.com,Vernon.Samuel.Sawyer@dtaa.com,,Vernon.Samuel.Sawyer@dtaa.com,28220,2,multitask growth expert skills develop contribute contribute skills opening part-time opening customer required degree starter compensation customer starter dynamic management experience experience sales growth responsibilities responsibilities start passion concepts degree multitask on-time platform responsibilities responsibilities industry required start strong process benefits responsibilities starter on-time interface experience growth resume sales multitask initiative on-line concepts opening customer concepts responsibilities job initiative strong initiative multiple hours team on-time opening concepts contribute
http,{M7B4-H3IK35HE-8266HVIW},10/01/2010 14:59:46,VSS0154,PC-6055,http://harris.com/WboUhagvat1919385663.htm,job hours contribute contribute hours multiple required growth expert contribute guidance compensation experience expert required multiple experience on-line degree passion years salary interface salary passion job equivalent opening concepts visual report passion job degree experience expert resume people develop skills start multiple required skills team
device,{Z2K6-F8TW42DS-5256RNSW},10/05/2010 09:59:24,VSS0154,PC-6055,Connect
device,{E3J3-E5HU97RU-1624SXAO},10/05/2010 10:16:27,VSS0154,PC-6055,Disconnect
device,{A5N5-M6NN63AA-8883MLLZ},10/05/2010 11:15:02,VSS0154,PC-6055,Connect
device,{A6L8-S9RE09TR-9787CKYG},10/05/2010 12:04:01,VSS0154,PC-6055,Disconnect
device,{K0Z4-M8PS15MR-1736SQDH},10/05/2010 12:10:30,VSS0154,PC-6055,Connect
device,{H9Y0-J3MF34GV-3091BVXM},10/05/2010 12:38:49,VSS0154,PC-6055,Disconnect
device,{L4P9-K3FI40CP-7934ZECX},10/05/2010 13:28:01,VSS0154,PC-6055,Connect
device,{A6O3-V4RH22HS-6734SJLN},10/05/2010 14:00:24,VSS0154,PC-6055,Disconnect
device,{R2U6-M0TB37AA-5995VAFI},10/05/2010 15:23:57,VSS0154,PC-6055,Connect
device,{O4H9-Y0MQ26WV-0225HELU},10/05/2010 15:33:36,VSS0154,PC-6055,Disconnect
device,{W9O4-O9TU43BN-6453TMGF},10/05/2010 16:49:31,VSS0154,PC-6055,Connect
device,{F6F8-O5NA23NG-1208XRHG},10/05/2010 16:58:48,VSS0154,PC-6055,Disconnect
device,{D5L0-I0SZ29MT-4017XNFZ},10/07/2010 08:22:16,VSS0154,PC-6055,Connect
device,{S1P1-Q0FV14UN-3262CLSU},10/07/2010 08:53:44,VSS0154,PC-6055,Disconnect
device,{H5V2-Y8EH26LS-3714BGUN},10/07/2010 13:16:49,VSS0154,PC-6055,Connect
device,{Y3Z9-E5TS39IW-5559WYTN},10/07/2010 13:21:29,VSS0154,PC-6055,Disconnect
device,{S0G3-A3EM32GY-2734IOEN},10/07/2010 13:22:31,VSS0154,PC-6055,Connect
device,{G1P8-E1ZS95AE-3435IIZS},10/07/2010 13:26:57,VSS0154,PC-6055,Disconnect
device,{R6E3-M7XG70PA-9644UMKF},10/07/2010 16:52:35,VSS0154,PC-6055,Connect
device,{J7C1-O0VG34JB-9950JUOF},10/07/2010 17:07:48,VSS0154,PC-6055,Disconnect
device,{I8K8-E4ZF35NC-5051IBDK},10/07/2010 17:23:28,VSS0154,PC-6055,Connect
device,{I3G8-T7VP20WF-8659GLOR},10/07/2010 17:52:37,VSS0154,PC-6055,Disconnect
device,{B2W0-F3FO65LY-0367KWZP},10/13/2010 09:25:52,VSS0154,PC-6055,Connect
device,{Q3G8-Z7NP89GM-5995IYCG},10/13/2010 09:41:06,VSS0154,PC-6055,Disconnect
device,{A9W9-L7GX83NJ-1746GABN},10/13/2010 09:59:20,VSS0154,PC-6055,Connect
device,{G4D9-K2NL26QP-3312HAQV},10/13/2010 10:00:41,VSS0154,PC-6055,Disconnect
device,{C8U2-I6RG11BL-0118VFAX},10/13/2010 10:42:42,VSS0154,PC-6055,Connect
device,{H2N4-Z0CX37AQ-9416GEGM},10/13/2010 11:06:16,VSS0154,PC-6055,Disconnect
device,{E6X9-S3GV65CS-5644BNCT},10/13/2010 11:21:08,VSS0154,PC-6055,Connect
device,{Z7X2-V0RC19DY-7151IQUK},10/13/2010 11:28:30,VSS0154,PC-6055,Disconnect
device,{Z1M2-P5WT11AY-2410ZHGM},10/13/2010 13:46:34,VSS0154,PC-6055,Connect
device,{Z1D4-C0JA87JX-2350QVUC},10/13/2010 13:47:42,VSS0154,PC-6055,Disconnect
device,{S0E4-D3OY64BY-3995BEKJ},10/13/2010 14:02:20,VSS0154,PC-6055,Connect
device,{S0T9-Z1DD74JQ-7468KWCL},10/13/2010 14:13:31,VSS0154,PC-6055,Disconnect
device,{I9R6-H2NI90MH-9705WFLI},10/13/2010 15:10:09,VSS0154,PC-6055,Connect
device,{G2K4-A7BE81ZO-6769LDIU},10/13/2010 15:15:41,VSS0154,PC-6055,Disconnect
device,{X6S4-O5XU86CD-3319FTUX},10/13/2010 17:47:45,VSS0154,PC-6055,Connect
device,{S1A0-L3WO92CO-5138DBDJ},10/13/2010 17:53:14,VSS0154,PC-6055,Disconnect
email,{A0O4-A2AZ48HD-3811OULL},10/19/2010 14:09:43,VSS0154,PC-6055,Vera.Mollie.Jenkins@dtaa.com,,Vernon.Samuel.Sawyer@dtaa.com,Vernon.Samuel.Sawyer@dtaa.com,33858,0,resign resignation of week resignation resignation of resign letter week week interview opportunity 2 resign opportunity key week 2 opportunity exit position resign notice position 2 of resignation letter resign week 2 resignation 2 resignation notice position resign 2 position my resignation of my resign key opportunity my my week resignation 2 my week position week
device,{E4W1-O5YV37BV-8888QHED},10/22/2010 10:17:28,VSS0154,PC-6055,Connect
device,{U9F6-T4QL08ZR-2067GPSG},10/22/2010 10:36:26,VSS0154,PC-6055,Disconnect
device,{K2J0-O3AY96KW-3420FHGK},10/22/2010 10:59:19,VSS0154,PC-6055,Connect
device,{T5Y7-T5JP08LZ-6807URPG},10/22/2010 11:02:34,VSS0154,PC-6055,Disconnect
device,{J9Q6-S5AF01CL-5991VKSF},10/22/2010 12:01:54,VSS0154,PC-6055,Connect
device,{B0V4-N7RA14MS-4670HNQG},10/22/2010 12:29:02,VSS0154,PC-6055,Disconnect
device,{Y4Z6-M5PU82PK-8779GEMD},10/22/2010 15:06:15,VSS0154,PC-6055,Connect
device,{D8V9-J2DP91QM-8868TIKG},10/22/2010 15:08:30,VSS0154,PC-6055,Disconnect
device,{D9U3-X5WM74GT-7717AXXC},10/22/2010 16:39:46,VSS0154,PC-6055,Connect
device,{O3P4-G4PG97FL-6775CDZS},10/22/2010 16:52:55,VSS0154,PC-6055,Disconnect
device,{E2G1-L0JM52NA-1464JXGS},10/22/2010 17:08:53,VSS0154,PC-6055,Connect
device,{Q6X7-H7EG00JV-1545ULVG},10/22/2010 17:21:32,VSS0154,PC-6055,Disconnect
device,{T3O3-Y1VG14UX-2980XOZA},10/22/2010 18:04:18,VSS0154,PC-6055,Connect
device,{P3M3-F7RC62RN-8590THZH},10/22/2010 18:05:45,VSS0154,PC-6055,Disconnect
device,{H8J3-S5MD01BD-4178YLBL},10/29/2010 09:58:19,VSS0154,PC-6055,Connect
device,{A9N9-S6ZK39DE-8237UWSC},10/29/2010 10:11:19,VSS0154,PC-6055,Disconnect
device,{S2P6-M4VA16OS-2861RLTH},10/29/2010 10:17:38,VSS0154,PC-6055,Connect
device,{Q0L0-K0UN87IG-9152ZLGU},10/29/2010 10:49:59,VSS0154,PC-6055,Disconnect
device,{C9R3-V1BC58CN-5984PYJG},10/29/2010 10:58:59,VSS0154,PC-6055,Connect
device,{E2G7-L5DE14MY-4653VGQT},10/29/2010 11:47:06,VSS0154,PC-6055,Disconnect
device,{U3W2-B5KV65OR-4973COUW},10/29/2010 12:27:10,VSS0154,PC-6055,Connect
device,{M5E4-C5EU45UC-1342KJDS},10/29/2010 13:13:15,VSS0154,PC-6055,Disconnect
device,{L9Y1-G1OH98FB-5939POXF},10/29/2010 13:36:48,VSS0154,PC-6055,Connect
device,{O1K4-D0YL63MY-2975DSFB},10/29/2010 14:20:12,VSS0154,PC-6055,Disconnect
device,{Q8Y9-W5KE51QI-9201MIXG},10/29/2010 16:37:43,VSS0154,PC-6055,Connect
device,{P2F2-T1KN74WX-7603EMKH},10/29/2010 16:40:54,VSS0154,PC-6055,Disconnect
