http,{I7D8-V5VC30AO-9260OEJK},02/14/2011 11:05:58,HBO0413,PC-7384,http://harris.com/WboUhagvat1919385663.htm,starter benefits team industry multiple sales opening process experience passion job analyze skills responsibilities contribute part-time strong recruiter years multiple analyze interface experience experience benefits years growth strong industry industry years experience starter technologies permanent customer skills
http,{Z2P6-G9VU09YL-8123YRBT},02/16/2011 17:34:45,HBO0413,PC-7384,http://craigslist.org/WboUhagvat1105403916.aspx,team customer strong responsibilities report multitask degree team report customer resume years on-time hours multiple resume required permanent multiple customer degree contribute management equivalent multiple passion dynamic concepts permanent multitask report required experience experience multitask develop team opening part-time resume experience industry growth required contribute expert platform part-time concepts multitask management experience on-time multiple contribute
email,{K8J2-F9JH86DF-3665SYJK},02/17/2011 10:35:55,HBO0413,PC-7384,Aphrodite_B_Case@raytheon.com,,,Harper.Basil.Obrien@dtaa.com,27927,0,multitask technologies analyze job strong industry multitask required skills platform passion equivalent process skills experience passion dynamic technologies opening skills hours degree hours start permanent responsibilities degree technologies platform industry compensation process experience call years develop responsibilities passion equivalent passion resume passion technologies multiple permanent technologies opening dynamic call strong required passion job job opening strong industry contribute initiative concepts benefits years initiative permanent contribute experience people required job
email,{C9T7-C9AQ39NO-9639XGDJ},02/17/2011 11:53:15,HBO0413,PC-7384,Aphrodite_B_Case@raytheon.com,,,Harper.Basil.Obrien@dtaa.com,26739,0,management opening hours strong platform sales multitask expert call technologies benefits technologies industry years part-time passion strong sales industry degree degree job passion technologies on-time interface resume customer required customer strong permanent degree required sales passion interface experience analyze responsibilities benefits platform technologies initiative skills on-time benefits degree experience initiative guidance platform degree skills concepts start interface guidance interface technologies job
http,{V4H9-Z9YU90LW-5259KSJC},02/21/2011 12:01:25,HBO0413,PC-7384,http://job-hunt.org/WboUhagvat919122234.html,skills passion interface management on-time job resume starter concepts benefits opening relocation opening responsibilities passion customer contribute team platform develop equivalent starter interface strong sales job equivalent responsibilities part-time dynamic people compensation customer responsibilities process self responsibilities strong equivalent experience initiative multiple strong dynamic experience experience equivalent resume people years permanent on-time engineer
email,{O5F8-F8OS27DG-3248HSCR},02/22/2011 11:18:20,HBO0413,PC-7384,Aphrodite_B_Case@raytheon.com,,,Harper.Basil.Obrien@dtaa.com,58017,0,industry degree passion strong develop degree management multitask sales guidance technologies job industry people experience team opening experience passion concepts people customer team sales growth on-line management permanent experience experience customer opening permanent concepts experience years growth experience start platform responsibilities experience management people degree skills platform customer responsibilities industry customer skills growth permanent job contribute develop analyze industry sales
email,{W0G9-Y5BU13JZ-6054CHOS},02/22/2011 16:02:20,HBO0413,PC-7384,Aphrodite_B_Case@raytheon.com,,,Harper.Basil.Obrien@dtaa.com,24117,0,years on-line years salary develop multiple skills concepts degree years contribute multitask contribute multiple guidance team responsibilities equivalent people salary industry platform equivalent on-time interface start contribute years job experience guidance develop self experience growth growth responsibilities customer opening people engineer experience contribute
email,{W7T4-A0SG95OX-1509NSAA},02/25/2011 08:15:13,HBO0413,PC-7384,Aphrodite_B_Case@raytheon.com,,,Harper.Basil.Obrien@dtaa.com,25790,0,sales process growth hours on-time people platform years start start develop experience on-time benefits report concepts job years required initiative report on-time self required start team equivalent opening degree expert platform required analyze guidance engineer skills develop starter team years responsibilities platform concepts industry report people passion dynamic develop growth guidance interface people permanent dynamic contribute resume experience hours degree concepts contribute call initiative growth skills
email,{A5K6-P4WS11KH-7804OZLG},02/25/2011 10:25:33,HBO0413,PC-7384,Aphrodite_B_Case@raytheon.com,,,Harper.Basil.Obrien@dtaa.com,24047,0,sales team report dynamic guidance degree initiative equivalent contribute multitask relocation technologies concepts report passion salary team resume platform years years multitask years multiple passion required skills engineer dynamic team multiple dynamic interface
email,{Z1X9-I0GX38SJ-7907CAEE},03/03/2011 09:14:20,HBO0413,PC-7384,Aphrodite_B_Case@raytheon.com,,,Harper.Basil.Obrien@dtaa.com,23222,0,responsibilities develop multiple report team strong multitask process relocation experience experience years self resume benefits concepts responsibilities degree resume resume job contribute experience technologies experience degree degree team compensation platform permanent process platform growth degree responsibilities years passion platform required team opening concepts analyze growth years sales job
http,{I4R9-Q4MA09WQ-8151ZEWW},03/03/2011 12:52:01,HBO0413,PC-7384,http://boeing.com/WboUhagvat1904327536.htm,initiative responsibilities strong industry required required call equivalent required part-time customer expert interface benefits multitask compensation skills years on-time required growth growth contribute equivalent team salary strong responsibilities people platform degree resume degree years interface interface skills compensation multitask technologies report
http,{P3R6-R7VR84MR-3297DEFW},03/04/2011 13:33:02,HBO0413,PC-7384,http://northropgrumman.com/WboUhagvat572113271.aspx,permanent management platform strong required resume years responsibilities degree job strong growth multiple visual concepts job passion management concepts degree technologies experience expert interface multitask growth team resume management people experience interface dynamic start experience multitask growth degree team platform passion report opening people technologies required required growth engineer on-time
email,{U0T1-V4QW82HG-0385OKVJ},03/04/2011 14:21:32,HBO0413,PC-7384,Aphrodite_B_Case@raytheon.com,,,Harper.Basil.Obrien@dtaa.com,43480,0,platform job job sales start required contribute start contribute dynamic resume sales call compensation degree develop responsibilities management multiple multiple responsibilities contribute years interface skills analyze report concepts sales platform multitask job platform job process degree skills start people experience people sales concepts part-time strong strong technologies
email,{B4Y6-R7XU60RN-9848BRTZ},03/09/2011 16:08:27,HBO0413,PC-7384,Aphrodite_B_Case@raytheon.com,,,Harper.Basil.Obrien@dtaa.com,32826,0,people dynamic expert benefits analyze growth start permanent resume growth salary permanent multiple sales years hours technologies management people management opening technologies opening experience resume management platform team industry passion interface initiative growth
http,{C4I9-R9PC49YX-1909MLMU},03/11/2011 16:19:48,HBO0413,PC-7384,http://job-hunt.org/WboUhagvat919122234.html,customer responsibilities multitask starter team self platform initiative resume initiative sales multitask platform job hours years platform platform opening equivalent growth concepts multiple benefits report degree report develop experience opening team permanent years team skills degree skills experience part-time technologies multiple analyze customer responsibilities team recruiter guidance develop team team customer benefits
email,{N6I5-W3EA39HV-9827KBXQ},03/14/2011 08:21:54,HBO0413,PC-7384,Aphrodite_B_Case@raytheon.com,,,Harper.Basil.Obrien@dtaa.com,27305,0,customer equivalent initiative industry experience dynamic management industry job degree benefits resume develop analyze part-time dynamic team compensation develop resume resume skills strong technologies contribute required visual industry degree salary report technologies skills management job guidance process hours years passion opening job required required process sales degree contribute sales experience resume initiative years on-line experience start salary resume on-line passion industry
http,{C3B9-S1XO99QK-3406HYWZ},03/14/2011 09:56:50,HBO0413,PC-7384,http://aol.com/jobs/WboUhagvat1963819229.jsp,responsibilities benefits dynamic growth resume process growth call people initiative report experience on-time report concepts job expert skills responsibilities sales experience equivalent growth experience on-time interface initiative responsibilities contribute start dynamic process guidance growth report team concepts process multitask multitask compensation
device,{Q2U1-Y1IV29HX-7469HZRH},03/14/2011 10:44:44,HBO0413,PC-7384,Connect
device,{T5Q2-H7KD04SN-6540FPWK},03/14/2011 11:05:35,HBO0413,PC-7384,Disconnect
device,{B5A1-J9UN12IR-3323MICV},03/14/2011 12:00:21,HBO0413,PC-7384,Connect
device,{J7V1-P6SO20LM-3089KOUM},03/14/2011 12:20:34,HBO0413,PC-7384,Disconnect
device,{A5V6-F8VJ65JE-8447ILFX},03/14/2011 12:56:36,HBO0413,PC-7384,Connect
device,{U0X6-R9MD29IN-1094MVNZ},03/14/2011 13:00:57,HBO0413,PC-7384,Disconnect
device,{N8T2-H9ZM92YY-9257XKTA},03/14/2011 13:11:26,HBO0413,PC-7384,Connect
device,{C9D0-K0BE63YY-8590QNHM},03/14/2011 13:43:36,HBO0413,PC-7384,Disconnect
email,{O5P0-S8FL33IB-0640YZXE},03/14/2011 14:12:42,HBO0413,PC-7384,Aphrodite_B_Case@raytheon.com,,,Harper.Basil.Obrien@dtaa.com,50790,0,years resume contribute responsibilities on-time degree required customer interface start customer start develop required concepts interface on-time dynamic platform multitask technologies hours expert resume concepts growth resume starter dynamic initiative permanent multiple experience hours passion degree team required experience
device,{O9S8-K4ME30OE-1482QKNG},03/14/2011 14:13:12,HBO0413,PC-7384,Connect
device,{E4M5-T4AA15HD-5866AUER},03/14/2011 14:41:43,HBO0413,PC-7384,Disconnect
device,{U3M1-C8LB84BA-2262TAWX},03/14/2011 15:15:03,HBO0413,PC-7384,Connect
device,{B5H7-G1PG74IV-1492ZWLL},03/14/2011 15:37:23,HBO0413,PC-7384,Disconnect
device,{E2T8-B6NS83LU-5638AFCY},03/14/2011 16:52:54,HBO0413,PC-7384,Connect
device,{U6E5-W4VM15CU-4319HVXR},03/14/2011 17:48:05,HBO0413,PC-7384,Disconnect
device,{F4Z7-W0WP22UB-3152NOPH},03/16/2011 08:49:22,HBO0413,PC-7384,Connect
device,{P7X8-D4YF20YV-5985GBJH},03/16/2011 09:10:39,HBO0413,PC-7384,Disconnect
device,{V2J3-N9SZ06LA-4995EHNN},03/16/2011 09:42:53,HBO0413,PC-7384,Connect
device,{Y0V3-W3SV06PM-9478TENM},03/16/2011 09:46:49,HBO0413,PC-7384,Disconnect
device,{H1L2-S7UU16MC-7003RRZB},03/16/2011 10:21:19,HBO0413,PC-7384,Connect
device,{D5B6-P1QK34WJ-5670VJTJ},03/16/2011 10:24:37,HBO0413,PC-7384,Disconnect
device,{C0W1-E3UI42XQ-1317TPPK},03/16/2011 12:20:27,HBO0413,PC-7384,Connect
device,{H8P6-V4ZI30ID-1388UDLY},03/16/2011 12:20:33,HBO0413,PC-7384,Disconnect
device,{Z1X1-P4KE41WW-3992AKTW},03/16/2011 13:53:10,HBO0413,PC-7384,Connect
device,{C9R0-S0PQ69NT-5438QAZO},03/16/2011 14:33:05,HBO0413,PC-7384,Disconnect
device,{Q6M2-L9MN60MG-7182RRCA},03/16/2011 14:47:22,HBO0413,PC-7384,Connect
device,{C4L7-L3EU36RF-6831DHWE},03/16/2011 15:10:20,HBO0413,PC-7384,Disconnect
device,{I6T2-W3KK80GS-2177PDMQ},03/16/2011 16:20:29,HBO0413,PC-7384,Connect
device,{I5K3-P7RE01KV-7072LXAU},03/16/2011 16:34:37,HBO0413,PC-7384,Disconnect
device,{Z7E7-J5BF21NU-6290QSQS},03/22/2011 08:13:32,HBO0413,PC-7384,Connect
device,{G5D5-W5QL59UJ-7462MRDZ},03/22/2011 08:49:19,HBO0413,PC-7384,Disconnect
device,{K8Z1-F8WI96DM-9730NRZW},03/22/2011 10:17:50,HBO0413,PC-7384,Connect
device,{A1Y9-D7XF53KT-9225ZTYV},03/22/2011 11:24:51,HBO0413,PC-7384,Disconnect
device,{X1J5-M1PV58KB-9394LBIL},03/22/2011 11:55:46,HBO0413,PC-7384,Connect
device,{M7Q9-C0TL58NU-6576RSFU},03/22/2011 12:43:53,HBO0413,PC-7384,Disconnect
device,{E4J4-W7SR39CH-3636EJON},03/22/2011 12:54:58,HBO0413,PC-7384,Connect
device,{C6T8-C8VD80ZL-5534KWTZ},03/22/2011 13:37:23,HBO0413,PC-7384,Disconnect
device,{U0I7-E2ZQ10DB-6390ZFJH},03/22/2011 13:47:18,HBO0413,PC-7384,Connect
device,{Y1Z4-W2CO84HG-7055NDEB},03/22/2011 13:52:18,HBO0413,PC-7384,Disconnect
device,{T3D2-O8ZL18LE-3678HSIV},03/22/2011 17:11:33,HBO0413,PC-7384,Connect
device,{I4I8-S3AV17KM-4959ARRE},03/22/2011 17:32:45,HBO0413,PC-7384,Disconnect
device,{Y7W7-R5EH73VQ-5499GNRE},03/22/2011 17:42:32,HBO0413,PC-7384,Connect
device,{S8I4-W6BI80DY-9190UHRJ},03/22/2011 18:05:33,HBO0413,PC-7384,Disconnect
device,{Y9S8-M5XW63CC-8302URZQ},03/24/2011 08:41:21,HBO0413,PC-7384,Connect
device,{C5A9-L5XQ31LF-9743ZYYT},03/24/2011 08:46:38,HBO0413,PC-7384,Disconnect
device,{F6O8-D9KC07IG-6671PVUU},03/24/2011 10:18:00,HBO0413,PC-7384,Connect
device,{P3N1-W2AJ27DH-1082USGE},03/24/2011 10:33:57,HBO0413,PC-7384,Disconnect
device,{A2I7-E7AW99WR-3614BJSZ},03/24/2011 11:26:39,HBO0413,PC-7384,Connect
device,{V8G3-P5FA88JA-4828ZWCG},03/24/2011 11:39:32,HBO0413,PC-7384,Disconnect
device,{E5D9-X2BB71XV-1744CCYW},03/24/2011 12:26:15,HBO0413,PC-7384,Connect
device,{S0T6-A7UP24KE-3921DSFP},03/24/2011 13:15:03,HBO0413,PC-7384,Disconnect
device,{A8F6-D9MO25HR-2603QCIB},03/24/2011 14:21:24,HBO0413,PC-7384,Connect
device,{O6U9-H1OW49XE-8526GQLI},03/24/2011 14:42:41,HBO0413,PC-7384,Disconnect
device,{A2M7-X4LV78ZB-4769DGOM},03/24/2011 14:59:01,HBO0413,PC-7384,Connect
device,{L0O3-Y5SM96AY-2879DLLC},03/24/2011 15:37:15,HBO0413,PC-7384,Disconnect
device,{O9A7-G9ME79CX-4234DKFM},03/24/2011 17:05:40,HBO0413,PC-7384,Connect
device,{O1U6-S9YV97AD-6915DZCZ},03/24/2011 17:17:52,HBO0413,PC-7384,Disconnect
device,{N8W1-H4VL38PW-9241ZTSZ},03/25/2011 08:05:36,HBO0413,PC-7384,Connect
device,{S2A3-U9JK30FG-6021URFP},03/25/2011 08:32:13,HBO0413,PC-7384,Disconnect
device,{H8K2-E2YK96PI-4931XKHY},03/25/2011 09:28:02,HBO0413,PC-7384,Connect
device,{X2L4-S5FO58UQ-6213DEGH},03/25/2011 09:39:11,HBO0413,PC-7384,Disconnect
device,{F8Q0-H7RI25ZP-0066NDLR},03/25/2011 10:50:43,HBO0413,PC-7384,Connect
device,{V4Q2-O4FE72KW-8985LWFS},03/25/2011 10:59:20,HBO0413,PC-7384,Disconnect
device,{C4U2-J1HP77ZE-5232HTGL},03/25/2011 14:55:01,HBO0413,PC-7384,Connect
device,{N9S0-J6BZ85WY-2278REHO},03/25/2011 15:01:18,HBO0413,PC-7384,Disconnect
device,{P8H2-F7UJ40WW-4978IBYD},03/25/2011 16:53:21,HBO0413,PC-7384,Connect
device,{P4A4-R3UE66SJ-5550EHEE},03/25/2011 16:56:20,HBO0413,PC-7384,Disconnect
device,{N5E7-T0BH73HC-8895XLJF},03/28/2011 08:15:05,HBO0413,PC-7384,Connect
device,{B9Y3-O5GF42YM-2589PBTH},03/28/2011 08:38:33,HBO0413,PC-7384,Disconnect
device,{D8Y4-M7KL17TU-3138CNUQ},03/28/2011 11:32:12,HBO0413,PC-7384,Connect
device,{E7P6-A3ZN05OA-0453ZIOU},03/28/2011 11:34:36,HBO0413,PC-7384,Disconnect
device,{G7X5-A3PM41EQ-4542VUXG},03/28/2011 11:53:12,HBO0413,PC-7384,Connect
email,{Z4E1-A1UQ79SO-8404OFFI},03/28/2011 11:55:35,HBO0413,PC-7384,Hadassah.Riley.Baker@dtaa.com,,,Harper.Basil.Obrien@dtaa.com,24953,0,week of letter exit of key week resignation week letter 2 letter letter 2 key tender week thanks 2 resignation position 2 my of letter tender opportunity letter tender resignation resignation week resign position exit opportunity position letter 2 resignation position resign of opportunity 2 resignation 2 2 my exit of opportunity my of opportunity week 2 letter letter position position 2
device,{D4O8-U4BB28IA-3452ANKZ},03/28/2011 12:02:34,HBO0413,PC-7384,Disconnect
device,{U5A0-X5FN14ZA-5493ZZSA},03/28/2011 12:14:52,HBO0413,PC-7384,Connect
device,{T7L9-V8CS69GW-0617MUFC},03/28/2011 12:45:01,HBO0413,PC-7384,Disconnect
device,{C4C1-Q9QX60UX-5084QQJT},03/28/2011 12:50:57,HBO0413,PC-7384,Connect
device,{O0R0-N7UO88DP-6515HUZE},03/28/2011 14:56:54,HBO0413,PC-7384,Disconnect
device,{Y6R9-S1LP06EJ-7157NGMD},04/07/2011 08:30:15,HBO0413,PC-7384,Connect
device,{Z3J3-Y3DQ29OB-5108KMPL},04/07/2011 09:36:34,HBO0413,PC-7384,Disconnect
device,{W6L2-X8HN23LZ-4191DTQH},04/07/2011 10:36:20,HBO0413,PC-7384,Connect
device,{T4F4-B5BV35AE-6142CPFX},04/07/2011 10:59:19,HBO0413,PC-7384,Disconnect
device,{K7P7-Y3YN09BX-1839IVUD},04/07/2011 12:51:23,HBO0413,PC-7384,Connect
device,{L1Y2-H7ZG24DJ-6325SRRY},04/07/2011 12:52:09,HBO0413,PC-7384,Disconnect
device,{F4I3-Y4IR26CL-0764TZTY},04/07/2011 14:48:27,HBO0413,PC-7384,Connect
device,{P7N6-J8PH20UK-3920PUDC},04/07/2011 15:04:40,HBO0413,PC-7384,Disconnect
device,{Z5Z7-E0HI08OG-4931RKRT},04/07/2011 15:10:04,HBO0413,PC-7384,Connect
device,{P7H8-N1LK31AE-8551RETS},04/07/2011 16:14:13,HBO0413,PC-7384,Disconnect
device,{H6O8-O8LB57RL-9525ZCPH},04/07/2011 17:38:40,HBO0413,PC-7384,Connect
device,{M0L8-S9WK85IL-7471EBZS},04/07/2011 17:41:07,HBO0413,PC-7384,Disconnect
device,{F4Y1-C7DI60RI-2344XGWD},04/08/2011 08:28:13,HBO0413,PC-7384,Connect
device,{B6R3-B3MR86CX-8820WAYF},04/08/2011 08:49:36,HBO0413,PC-7384,Disconnect
device,{J6N4-P8MD11JH-3220OGAM},04/08/2011 09:19:27,HBO0413,PC-7384,Connect
device,{R8T2-P5TU43YM-2866EVKP},04/08/2011 09:26:55,HBO0413,PC-7384,Disconnect
device,{D5M8-H6VI21ZX-8229GSRM},04/08/2011 09:32:34,HBO0413,PC-7384,Connect
device,{Y4A5-E7BJ06WP-7903LVXX},04/08/2011 10:01:15,HBO0413,PC-7384,Disconnect
device,{S0X8-A5LM05PI-6474PTRG},04/08/2011 11:59:25,HBO0413,PC-7384,Connect
device,{I1V1-H1QE44PO-9365HJZC},04/08/2011 12:21:27,HBO0413,PC-7384,Disconnect
device,{R3F0-Q5CV27JP-6631YJOU},04/08/2011 13:04:14,HBO0413,PC-7384,Connect
device,{X6Z4-I5FP53CY-5588JVCU},04/08/2011 13:09:33,HBO0413,PC-7384,Disconnect
device,{L6X8-S4FY26BW-2848XART},04/08/2011 13:29:42,HBO0413,PC-7384,Connect
device,{Q5D9-M4MN51SS-0729XTHT},04/08/2011 13:32:10,HBO0413,PC-7384,Disconnect
device,{D9L2-Y5FQ24AX-1344JPQV},04/08/2011 15:16:05,HBO0413,PC-7384,Connect
device,{L5R4-Y3GG93CP-5196IESC},04/08/2011 15:25:10,HBO0413,PC-7384,Disconnect
