http,{N4L0-K3CJ35XG-5446REOY},10/05/2010 09:09:11,AKR0057,PC-2879,http://monster.com/WboUhagvat1180707852.html,report equivalent on-time platform people degree hours experience strong concepts customer passion passion sales interface multiple opening develop interface resume initiative report job experience resume hours skills technologies job skills years required dynamic report years platform sales concepts process interface passion years dynamic multitask experience strong interface contribute job strong multitask compensation required equivalent degree initiative management sales
http,{T5V5-E5PF47BK-2442VJKV},10/07/2010 17:15:25,AKR0057,PC-2879,http://linkedin.com/WboUhagvat1479839504.aspx,develop experience customer initiative team passion management industry degree equivalent resume required guidance equivalent interface interface growth people resume platform team dynamic industry benefits multitask salary opening benefits experience required responsibilities contribute part-time initiative develop part-time equivalent guidance permanent skills contribute benefits report opening compensation team industry team multiple part-time concepts
http,{F1F7-R1HU05VV-3230YSSQ},10/08/2010 13:58:36,AKR0057,PC-2879,http://linkedin.com/WboUhagvat1479839504.aspx,sales equivalent dynamic team team skills years team experience multitask years interface skills required sales dynamic platform technologies skills skills multiple part-time management team contribute technologies start team benefits technologies permanent multiple experience required opening contribute part-time multitask resume required people resume resume multitask people dynamic team resume team industry permanent sales equivalent engineer salary sales equivalent skills passion skills multiple years dynamic benefits responsibilities skills hours compensation growth growth platform multitask permanent dynamic start part-time report growth
http,{X0I9-L0AH47MD-4519OBQW},10/12/2010 10:48:28,AKR0057,PC-2879,http://hp.com/WboUhagvat1944152218.jsp,strong team analyze technologies job part-time required experience experience experience responsibilities guidance passion expert industry people team degree analyze equivalent passion interface resume customer job strong part-time customer equivalent start multiple guidance resume dynamic multiple job required guidance platform process
email,{B6Q8-G9DA77WW-4161UDFF},10/15/2010 08:29:11,AKR0057,PC-2879,Adrienne-Osborne@boeing.com,,Aurora.Katell.Rhodes@dtaa.com,Aurora.Katell.Rhodes@dtaa.com,32235,0,required report experience passion equivalent multitask required guidance passion dynamic customer growth contribute skills growth customer industry people team strong salary multitask dynamic team team interface responsibilities develop experience resume management interface start customer years responsibilities experience starter industry management hours contribute resume skills equivalent salary required benefits
http,{U7A9-R5FP87LI-1212ERGG},10/15/2010 17:04:30,AKR0057,PC-2879,http://harris.com/WboUhagvat1919385663.htm,responsibilities strong sales passion multitask growth report resume multitask people sales benefits required management interface customer management analyze start benefits resume contribute recruiter technologies dynamic interface relocation responsibilities multiple customer customer contribute permanent job industry industry multiple expert develop resume skills multitask expert industry technologies team years job expert degree passion concepts starter multiple resume industry equivalent initiative passion passion report develop required on-line
http,{N2J0-F3GJ38LH-2328TMUH},10/18/2010 09:05:40,AKR0057,PC-2879,http://simplyhired.com/WboUhagvat57469130.jsp,opening responsibilities job years sales growth industry degree concepts strong growth sales multiple years team skills required opening customer resume multiple people concepts resume degree required initiative required opening benefits contribute job degree management passion technologies degree benefits team passion technologies start resume
email,{B7V0-G9VD00YA-6896MHZI},10/18/2010 14:02:59,AKR0057,PC-2879,Adrienne-Osborne@boeing.com,Aurora.Katell.Rhodes@dtaa.com,,Aurora.Katell.Rhodes@dtaa.com,37743,0,team concepts develop degree technologies customer opening people equivalent growth growth concepts salary growth start interface degree sales passion strong develop experience management years compensation benefits concepts compensation analyze expert analyze sales technologies benefits resume resume equivalent starter concepts initiative sales recruiter
email,{B9X7-W2WV42DN-5367MUPI},10/22/2010 08:33:16,AKR0057,PC-2879,Adrienne-Osborne@boeing.com,Aurora.Katell.Rhodes@dtaa.com,,Aurora.Katell.Rhodes@dtaa.com,22276,0,equivalent starter compensation analyze team permanent equivalent dynamic on-time develop platform benefits dynamic analyze opening start multitask strong customer develop job compensation years opening benefits passion develop responsibilities hours skills growth platform skills degree customer strong skills required degree process opening job benefits industry salary on-time team passion experience passion resume industry experience benefits industry degree recruiter strong job concepts multitask
http,{J3V3-P6ZP32XS-6694EWUD},10/22/2010 11:15:30,AKR0057,PC-2879,http://raytheon.com/WboUhagvat343187784.jsp,growth concepts self years contribute skills opening multiple interface report dynamic team experience recruiter degree experience sales strong multitask experience develop industry multitask responsibilities skills required dynamic salary responsibilities skills compensation starter guidance experience equivalent passion experience industry on-time platform dynamic passion develop develop opening process multitask on-line
http,{H3G8-X3PK33MY-9046DRHS},10/25/2010 15:01:59,AKR0057,PC-2879,http://yahoo.com/hotjobs/WboUhagvat752138490.php,interface required management salary required job interface platform dynamic required contribute team report interface industry part-time strong resume expert expert compensation multitask permanent multitask report sales resume guidance benefits strong resume required resume required opening growth opening responsibilities develop experience growth degree skills management skills passion job
email,{V9J4-N7WS39CZ-6049JQUQ},10/25/2010 16:52:12,AKR0057,PC-2879,Adrienne-Osborne@boeing.com,Aurora.Katell.Rhodes@dtaa.com,,Aurora.Katell.Rhodes@dtaa.com,14326,0,opening sales dynamic resume team part-time multitask initiative contribute multiple multiple multiple opening compensation job self contribute permanent experience start passion sales years start years strong management compensation report multiple dynamic expert develop initiative opening benefits dynamic contribute growth management strong benefits expert develop equivalent resume benefits multitask resume industry required analyze years permanent develop equivalent technologies salary dynamic on-time experience technologies team job self develop
email,{Q4Q4-K8JU98JT-6153MTRE},10/25/2010 17:05:52,AKR0057,PC-2879,Adrienne-Osborne@boeing.com,Aurora.Katell.Rhodes@dtaa.com,,Aurora.Katell.Rhodes@dtaa.com,27327,0,resume required interface sales on-line platform passion degree customer years team required multitask years report visual salary on-time strong multiple visual job years resume process degree people passion benefits resume equivalent experience opening opening customer responsibilities concepts contribute industry industry report concepts responsibilities strong expert multitask contribute recruiter
http,{C5Z3-L6GE55KF-0676MAQE},10/26/2010 08:35:06,AKR0057,PC-2879,http://aol.com/jobs/WboUhagvat1963819229.jsp,sales start opening expert permanent develop concepts multitask multiple engineer contribute multiple team years responsibilities dynamic dynamic contribute multiple passion people degree growth years recruiter recruiter report sales opening customer industry years technologies start equivalent growth skills responsibilities skills growth dynamic required multitask visual resume management opening interface
email,{W1G9-R2ZJ71RQ-0299TRWE},11/01/2010 09:01:58,AKR0057,PC-2879,Adrienne-Osborne@boeing.com,Aurora.Katell.Rhodes@dtaa.com,,Aurora.Katell.Rhodes@dtaa.com,21230,0,degree people compensation experience experience dynamic experience recruiter experience contribute sales sales contribute sales experience opening equivalent resume contribute develop salary strong responsibilities customer resume industry strong opening strong growth degree degree experience management team required self develop initiative passion hours skills opening technologies responsibilities degree
device,{E0N2-J8VK26RZ-3723LOWQ},11/01/2010 09:39:51,AKR0057,PC-2879,Connect
device,{X8J0-A2QP91PJ-9969WYLS},11/01/2010 09:54:02,AKR0057,PC-2879,Disconnect
device,{G8G7-V4RC46RE-9213ZASS},11/01/2010 11:51:20,AKR0057,PC-2879,Connect
device,{O6S6-U2DP41VG-2854FAON},11/01/2010 12:11:28,AKR0057,PC-2879,Disconnect
device,{I0V1-B7RS14CL-4769WAOS},11/01/2010 13:21:12,AKR0057,PC-2879,Connect
device,{S2V3-P0CI58HR-5929UJME},11/01/2010 13:30:12,AKR0057,PC-2879,Disconnect
device,{Z6S3-F1TT64SM-5270ZJRU},11/01/2010 14:15:39,AKR0057,PC-2879,Connect
device,{I2E4-U8JR48EP-2837PORB},11/01/2010 14:26:49,AKR0057,PC-2879,Disconnect
device,{S9G6-F2LA07NR-7855XIYV},11/01/2010 15:39:10,AKR0057,PC-2879,Connect
device,{D4R5-O6UA50QS-7188ENQB},11/01/2010 15:45:52,AKR0057,PC-2879,Disconnect
device,{J8D9-X3WE46BR-4690SPYE},11/01/2010 17:18:54,AKR0057,PC-2879,Connect
device,{K4G4-O4SY44FU-8202CBYU},11/01/2010 17:24:18,AKR0057,PC-2879,Disconnect
device,{H6H6-O9RJ14DE-4201ZRDX},11/01/2010 18:16:45,AKR0057,PC-2879,Connect
device,{F2Q6-W3OP39LT-7247PIYS},11/01/2010 18:33:43,AKR0057,PC-2879,Disconnect
device,{S0V8-M0SE16SJ-6982MWWJ},11/11/2010 08:14:39,AKR0057,PC-2879,Connect
device,{S2J3-Y4FT67YA-9180ULGM},11/11/2010 08:27:13,AKR0057,PC-2879,Disconnect
device,{X5U7-R8GE91XA-1389UHYI},11/11/2010 10:21:50,AKR0057,PC-2879,Connect
device,{C0S4-O1VD26GK-3544KAPD},11/11/2010 10:40:00,AKR0057,PC-2879,Disconnect
device,{U7H2-P6YG24VF-1343KDMR},11/11/2010 10:44:14,AKR0057,PC-2879,Connect
device,{Z2T4-V7GA10SK-7207FXUR},11/11/2010 11:16:36,AKR0057,PC-2879,Disconnect
device,{E6I3-X1RT61NE-1034VMMF},11/11/2010 15:04:23,AKR0057,PC-2879,Connect
device,{I0P2-J0ZX82FV-2521GYCJ},11/11/2010 15:10:36,AKR0057,PC-2879,Disconnect
device,{I7Q9-S1CS12TH-5214XCPK},11/11/2010 15:57:03,AKR0057,PC-2879,Connect
device,{W0P7-Z6LZ91JO-8397GXHV},11/11/2010 16:18:01,AKR0057,PC-2879,Disconnect
device,{B7Z1-Q9QU68HM-6278FJZO},11/11/2010 17:18:05,AKR0057,PC-2879,Connect
device,{M9F3-V4HM16KN-8645WBBB},11/11/2010 17:38:10,AKR0057,PC-2879,Disconnect
device,{D9F0-V7VW61TT-8882CGPN},11/12/2010 10:40:00,AKR0057,PC-2879,Connect
device,{F5M5-J1WI12OQ-6420TPGJ},11/12/2010 11:13:01,AKR0057,PC-2879,Disconnect
device,{F6Z8-R6CE58OI-2187LRBZ},11/12/2010 12:24:25,AKR0057,PC-2879,Connect
device,{R0L2-B5VT51DK-5677YHCG},11/12/2010 12:29:45,AKR0057,PC-2879,Disconnect
device,{Y1Q3-E4HS16GT-1385ACTC},11/12/2010 13:24:06,AKR0057,PC-2879,Connect
device,{X5C5-A7CE24SX-5021EFIF},11/12/2010 13:49:26,AKR0057,PC-2879,Disconnect
device,{B5S1-A8NF16JO-0690AZUF},11/12/2010 14:56:21,AKR0057,PC-2879,Connect
device,{M8T2-F5RN30MT-6647DLGO},11/12/2010 15:11:35,AKR0057,PC-2879,Disconnect
device,{K8R9-P4MN41AK-3964ORTM},11/12/2010 16:17:08,AKR0057,PC-2879,Connect
device,{W1R7-L2QD02TC-3372JYUU},11/12/2010 16:22:46,AKR0057,PC-2879,Disconnect
device,{O3N6-N0SC32AU-8531ROSX},11/12/2010 17:29:59,AKR0057,PC-2879,Connect
device,{Z4K3-Y9JE51AM-6118DAZA},11/12/2010 17:35:40,AKR0057,PC-2879,Disconnect
device,{L2J8-P1KI67OH-4493VVHN},11/12/2010 17:50:48,AKR0057,PC-2879,Connect
device,{N6O2-M6GQ81GM-1485DNOA},11/12/2010 18:35:30,AKR0057,PC-2879,Disconnect
email,{X6Q4-W2WF07VK-3472TQEJ},11/15/2010 12:58:42,AKR0057,PC-2879,Jackson.Linus.Wilkerson@dtaa.com,Aurora.Katell.Rhodes@dtaa.com,,Aurora.Katell.Rhodes@dtaa.com,11707,0,resignation resignation my exit 2 position my of letter of letter letter key resign 2 week position interview letter resign notice of position opportunity resignation key thanks letter my position letter letter resignation resignation exit of 2 position week tender exit opportunity 2 my notice resignation opportunity resign my key resignation my key key opportunity interview exit
device,{L1S5-R0IH40AT-9874YYDZ},11/15/2010 15:14:38,AKR0057,PC-2879,Connect
device,{O0Y2-N7DB79RP-1804CMZK},11/15/2010 15:15:03,AKR0057,PC-2879,Disconnect
device,{U3S6-G4HT82XN-3980LPIN},11/15/2010 15:15:40,AKR0057,PC-2879,Connect
device,{X1Q4-A8IA13LV-5125EVQK},11/15/2010 15:16:21,AKR0057,PC-2879,Disconnect
device,{I7B4-Q8TW09KJ-9871YLIF},11/15/2010 15:16:25,AKR0057,PC-2879,Connect
device,{S5E2-U4TX61UH-5188ICIX},11/15/2010 15:16:36,AKR0057,PC-2879,Disconnect
device,{R5O0-D4UL74WK-9939MYZC},11/15/2010 15:18:13,AKR0057,PC-2879,Connect
device,{H6Z2-W3WJ03UM-1145ZYLE},11/15/2010 15:18:46,AKR0057,PC-2879,Disconnect
device,{N8Q0-K4JR00AM-4207WZTW},11/15/2010 15:18:58,AKR0057,PC-2879,Connect
device,{D8L5-I3UV53BI-7248FUQM},11/15/2010 15:19:14,AKR0057,PC-2879,Disconnect
device,{L2Q3-C0ET02SY-9415WWCO},11/15/2010 15:20:10,AKR0057,PC-2879,Connect
device,{K6X1-X8JK27MU-8269BXOI},11/15/2010 15:20:17,AKR0057,PC-2879,Disconnect
device,{S5L9-E0YZ86KR-4344QNZN},11/16/2010 09:33:08,AKR0057,PC-2879,Connect
device,{Q0R3-A3JJ07ZS-3292SKDK},11/16/2010 09:44:54,AKR0057,PC-2879,Disconnect
device,{N6H1-U9JL07ZK-1918FYMK},11/16/2010 10:08:06,AKR0057,PC-2879,Connect
device,{X5A8-S4TE65BN-5208NICL},11/16/2010 10:46:47,AKR0057,PC-2879,Disconnect
device,{P5J7-F9VE73EH-1278REPV},11/16/2010 11:00:11,AKR0057,PC-2879,Connect
device,{R5S4-K8XE36MC-4074BZWY},11/16/2010 11:21:17,AKR0057,PC-2879,Disconnect
device,{E4X0-U5IC38MB-5346ZJYU},11/16/2010 11:46:11,AKR0057,PC-2879,Connect
device,{P3C1-H7AX60FX-9953IGDY},11/16/2010 11:56:21,AKR0057,PC-2879,Disconnect
device,{G5J1-W7BB77IH-8913JEGO},11/16/2010 14:01:54,AKR0057,PC-2879,Connect
device,{Q7Y1-J6EX65VI-1973BPSD},11/16/2010 14:18:46,AKR0057,PC-2879,Disconnect
device,{P9D1-Z5KG30DM-6575HNTL},11/16/2010 16:32:55,AKR0057,PC-2879,Connect
device,{K3M0-C9PO18EU-5681RFUF},11/16/2010 16:44:21,AKR0057,PC-2879,Disconnect
device,{W0P7-X3MG03AC-0616LBVP},11/16/2010 18:10:54,AKR0057,PC-2879,Connect
device,{T7F5-F0JH32FY-2754NCHJ},11/16/2010 18:12:56,AKR0057,PC-2879,Disconnect
device,{N7B6-G3YR82ZC-6059OARF},11/18/2010 08:24:36,AKR0057,PC-2879,Connect
device,{Y6U3-I1WI70UV-8695PHWG},11/18/2010 08:43:23,AKR0057,PC-2879,Disconnect
device,{W7O2-U8UY35ID-9927VKTJ},11/18/2010 09:22:51,AKR0057,PC-2879,Connect
device,{G9H7-Y2WN55WK-6891EROL},11/18/2010 09:56:38,AKR0057,PC-2879,Disconnect
device,{I2G7-I5LB72BF-9859MHEV},11/18/2010 10:18:49,AKR0057,PC-2879,Connect
device,{H0R6-J5VU72UB-3888XWTB},11/18/2010 10:26:18,AKR0057,PC-2879,Disconnect
device,{T8Y2-F4FM30SR-3819KFVJ},11/18/2010 13:49:34,AKR0057,PC-2879,Connect
device,{P4D4-B4SG06CC-0012RCHK},11/18/2010 13:54:25,AKR0057,PC-2879,Disconnect
device,{H9P9-H3JJ92IU-0359KIQB},11/18/2010 15:48:30,AKR0057,PC-2879,Connect
device,{Z4B1-I4JA11DB-0925MHKT},11/18/2010 15:49:49,AKR0057,PC-2879,Disconnect
device,{T6B1-S4SV70QC-9278LWCU},11/18/2010 16:38:42,AKR0057,PC-2879,Connect
device,{A1U7-N1HR97CA-8228TCKY},11/18/2010 16:53:20,AKR0057,PC-2879,Disconnect
device,{H4M3-F4TX69AB-4307EEJE},11/18/2010 17:42:45,AKR0057,PC-2879,Connect
device,{L0M5-V1WC33FR-8833UMFO},11/18/2010 17:55:42,AKR0057,PC-2879,Disconnect
device,{D6I8-U6LD61SO-6783BOIL},11/18/2010 17:56:53,AKR0057,PC-2879,Connect
device,{E9W5-Q0BI94XS-0835VJPC},11/18/2010 18:35:33,AKR0057,PC-2879,Disconnect
device,{Z8S0-U1DN35XD-9445SJTA},11/19/2010 09:11:33,AKR0057,PC-2879,Connect
device,{Z0F9-G6SM07QK-2110UTNP},11/19/2010 09:31:35,AKR0057,PC-2879,Disconnect
device,{B3X2-V2XJ97VX-9582YKQO},11/19/2010 09:45:26,AKR0057,PC-2879,Connect
device,{W9U1-L9PL77WN-0989WYEW},11/19/2010 10:49:07,AKR0057,PC-2879,Disconnect
device,{E5U4-P0XX15XC-4746RZMR},11/19/2010 12:01:43,AKR0057,PC-2879,Connect
device,{Z4V3-F0PE10NC-6928WUAP},11/19/2010 12:47:14,AKR0057,PC-2879,Disconnect
device,{Z0B3-J2FH59PP-7984ULFQ},11/19/2010 13:09:17,AKR0057,PC-2879,Connect
device,{F7M9-Z8GG63MI-0068SRSU},11/19/2010 13:34:24,AKR0057,PC-2879,Disconnect
device,{U9A1-R0BS95GI-9272FSXV},11/19/2010 13:55:22,AKR0057,PC-2879,Connect
device,{B7Q5-X6LU88YC-0270XXUB},11/19/2010 14:25:57,AKR0057,PC-2879,Disconnect
device,{R8U6-V0AA00ZT-4378WFKM},11/29/2010 08:24:16,AKR0057,PC-2879,Connect
device,{H0G4-S5TL05CA-3049TIKP},11/29/2010 08:32:41,AKR0057,PC-2879,Disconnect
device,{Y8B9-W9FT13RV-8093JLST},11/29/2010 10:04:44,AKR0057,PC-2879,Connect
device,{Q0E5-A5BD42WP-4782MUFO},11/29/2010 10:23:43,AKR0057,PC-2879,Disconnect
device,{G4H3-O4CR83IL-7743CMXI},11/29/2010 10:27:02,AKR0057,PC-2879,Connect
device,{D6R9-L7OE59XC-7191IMIF},11/29/2010 10:29:53,AKR0057,PC-2879,Disconnect
device,{P4I2-X5KX13WS-4367XTPV},11/29/2010 13:02:36,AKR0057,PC-2879,Connect
device,{Q3Y8-M3MZ29UN-9150PSYE},11/29/2010 13:04:05,AKR0057,PC-2879,Disconnect
device,{H5R3-D1CJ80QL-1954ODQJ},11/29/2010 14:44:22,AKR0057,PC-2879,Connect
device,{B4P7-R7YX78WG-4114DTVQ},11/29/2010 15:03:21,AKR0057,PC-2879,Disconnect
device,{K5K2-V8NS75IQ-1017NMGC},11/29/2010 15:22:39,AKR0057,PC-2879,Connect
device,{K8E0-H1YK55LA-8596JWYK},11/29/2010 15:33:24,AKR0057,PC-2879,Disconnect
device,{N6N9-Z0ZV15NV-1745FSGB},11/29/2010 18:32:08,AKR0057,PC-2879,Connect
device,{Z9P2-N4NM74BM-5489QYGQ},11/29/2010 18:48:10,AKR0057,PC-2879,Disconnect
