email,{U1S9-K2AY70BK-4004FZSF},02/11/2011 10:30:17,NWT0098,PC-4667,Odette_D_Davis@northropgrumman.com,,,Nehru.Wyatt.Tate@dtaa.com,23559,0,compensation strong experience start start industry interface multiple develop multitask job contribute develop sales customer multitask equivalent team multitask process sales start guidance equivalent platform concepts required platform customer start report interface multitask interface required required part-time analyze passion guidance interface contribute years start self resume on-time years report customer contribute job analyze resume guidance initiative people industry guidance salary responsibilities strong interface platform process
http,{W9Y3-O8TT29PM-4364QFOE},02/11/2011 12:23:53,NWT0098,PC-4667,http://northropgrumman.com/WboUhagvat572113271.aspx,skills platform contribute multiple self resume contribute compensation interface strong people process growth expert multiple benefits management required growth salary growth people resume resume passion resume equivalent multitask management contribute multiple develop sales develop multitask benefits required passion sales technologies passion required growth initiative starter skills develop report
email,{N8L5-S3VC19YO-7585NVLU},02/22/2011 12:03:19,NWT0098,PC-4667,Odette_D_Davis@northropgrumman.com,,,Nehru.Wyatt.Tate@dtaa.com,24808,1,skills concepts platform engineer multitask resume strong people dynamic interface concepts growth passion opening start strong degree multitask process multiple team required multiple resume on-time industry multitask passion concepts initiative experience compensation on-line customer industry benefits sales equivalent management process benefits required industry benefits team analyze required customer management degree develop passion multitask sales concepts opening required
http,{V7D6-Y9AB01WM-3466YRZE},02/22/2011 12:04:19,NWT0098,PC-4667,http://harris.com/WboUhagvat1919385663.htm,skills experience report team on-time on-time passion resume initiative strong equivalent multitask degree process multitask resume guidance technologies passion engineer resume on-time initiative required team permanent permanent opening strong hours analyze sales required develop industry multitask growth years strong process sales experience experience multitask initiative on-line customer contribute permanent contribute on-time people degree
email,{Y5S4-U4XM93OL-6177EOML},02/22/2011 12:55:42,NWT0098,PC-4667,Odette_D_Davis@northropgrumman.com,,,Nehru.Wyatt.Tate@dtaa.com,20431,0,multiple customer equivalent strong team interface self permanent growth opening platform technologies on-time dynamic resume salary dynamic experience report guidance resume job permanent responsibilities experience growth multitask job on-time opening opening industry on-time responsibilities experience required compensation concepts years strong resume job sales skills platform dynamic part-time job concepts starter sales contribute sales job dynamic customer technologies platform
http,{H7V8-R7KQ93UF-0012VEFQ},02/23/2011 15:08:30,NWT0098,PC-4667,http://simplyhired.com/WboUhagvat57469130.jsp,management guidance starter customer team experience people start job multiple passion analyze resume passion platform report benefits skills equivalent experience permanent strong management multitask job required experience interface develop responsibilities industry call process team degree analyze management sales people concepts initiative develop responsibilities multitask expert equivalent growth equivalent equivalent
email,{K8U1-U3MZ61FS-4549JZXY},02/25/2011 15:51:16,NWT0098,PC-4667,Odette_D_Davis@northropgrumman.com,,,Nehru.Wyatt.Tate@dtaa.com,49727,0,strong customer start contribute people required multiple hours concepts call industry experience recruiter degree industry multitask multiple growth degree permanent customer contribute visual platform years interface experience compensation multiple experience growth multiple permanent permanent interface develop technologies contribute industry team concepts starter on-line
http,{L0N4-W4YV74BU-0809JOLX},03/03/2011 15:40:10,NWT0098,PC-4667,http://boeing.com/WboUhagvat1904327536.htm,equivalent required required multiple passion opening resume growth required technologies required equivalent responsibilities initiative on-line passion contribute initiative job expert passion start report management people hours guidance permanent resume industry interface years management resume years degree technologies job customer opening analyze platform team degree starter multiple permanent people multitask opening
email,{Z1F8-X2EN49GM-9031KQIV},03/07/2011 12:57:15,NWT0098,PC-4667,Odette_D_Davis@northropgrumman.com,,,Nehru.Wyatt.Tate@dtaa.com,24170,0,develop part-time industry permanent team responsibilities strong sales on-time hours analyze technologies job multitask resume develop required experience experience technologies opening multiple visual platform management skills contribute salary team develop salary on-time customer permanent equivalent strong self initiative equivalent equivalent required resume growth industry experience dynamic permanent on-time skills growth opening starter contribute contribute opening growth
email,{Q0I9-J9NU86TT-4958MSPT},03/07/2011 15:47:12,NWT0098,PC-4667,Odette_D_Davis@northropgrumman.com,,,Nehru.Wyatt.Tate@dtaa.com,27962,6,compensation multitask customer resume degree required responsibilities years multiple strong management develop years hours team platform responsibilities multitask guidance years initiative process on-time people required salary multiple part-time interface self report recruiter multiple required degree required responsibilities technologies team years experience management experience hours years required experience guidance people expert customer
device,{J9X5-V1VN80ZY-2136QVEG},03/16/2011 08:14:45,NWT0098,PC-4667,Connect
device,{F7Z3-D9CA08DF-5997VUNC},03/16/2011 08:15:07,NWT0098,PC-4667,Disconnect
device,{P3Z3-B6TW06YU-2026FETH},03/16/2011 08:22:41,NWT0098,PC-4667,Connect
device,{W0B5-I3UJ13KQ-6717TSDV},03/16/2011 08:43:54,NWT0098,PC-4667,Disconnect
device,{Y5X2-D8GG94KG-3617WWFN},03/16/2011 08:47:34,NWT0098,PC-4667,Connect
device,{S3M4-I0GT37RK-9449IRTX},03/16/2011 08:49:41,NWT0098,PC-4667,Disconnect
device,{R7O9-W7SO81EI-7850SQKG},03/16/2011 09:03:40,NWT0098,PC-4667,Connect
device,{Y3A5-I5AA63XI-5193KUKT},03/16/2011 09:39:22,NWT0098,PC-4667,Disconnect
device,{E1B7-V4AQ15ND-0625AJOD},03/16/2011 11:12:59,NWT0098,PC-4667,Connect
device,{J8D2-T2BW18NV-4096CYDN},03/16/2011 11:18:30,NWT0098,PC-4667,Disconnect
device,{F8T8-L0SX72NX-5100PWIU},03/16/2011 11:20:55,NWT0098,PC-4667,Connect
device,{K5F0-H5PA33QD-9080NIZO},03/16/2011 11:28:09,NWT0098,PC-4667,Disconnect
device,{S1X4-K1LZ34PD-2156AVBS},03/22/2011 07:50:40,NWT0098,PC-4667,Connect
device,{H5L7-A2DJ34RG-9654JFBV},03/22/2011 08:02:24,NWT0098,PC-4667,Disconnect
device,{B0L4-S6BK26CC-3347QPIF},03/22/2011 09:54:15,NWT0098,PC-4667,Connect
device,{W7B4-N3MB61RM-3840ESTZ},03/22/2011 09:55:13,NWT0098,PC-4667,Disconnect
device,{F1Q3-T3GQ79WT-0236YRXG},03/22/2011 11:50:34,NWT0098,PC-4667,Connect
device,{P9M3-T8DB04UQ-3634JTMB},03/22/2011 12:24:20,NWT0098,PC-4667,Disconnect
device,{Q1B3-D6AW98KW-2463VVBS},03/22/2011 13:09:46,NWT0098,PC-4667,Connect
device,{G6W2-M3CO49IJ-8803LTAK},03/22/2011 13:34:28,NWT0098,PC-4667,Disconnect
device,{X9I3-S6DP04PO-4170YAIB},03/22/2011 16:12:03,NWT0098,PC-4667,Connect
device,{Z1S5-Y7KM47YG-6618KLIU},03/22/2011 16:28:42,NWT0098,PC-4667,Disconnect
device,{A1T5-R2TM06BA-0047LGKX},03/23/2011 07:38:31,NWT0098,PC-4667,Connect
device,{Z1R5-V2BC58ER-9805KZPC},03/23/2011 07:54:00,NWT0098,PC-4667,Disconnect
device,{D0A0-J4EK15JM-1465WERE},03/23/2011 10:45:24,NWT0098,PC-4667,Connect
device,{R6C8-A4WT78LW-5476KSDN},03/23/2011 11:09:57,NWT0098,PC-4667,Disconnect
device,{S4W2-W4KO63RZ-2084BPQE},03/23/2011 11:35:06,NWT0098,PC-4667,Connect
device,{U5Y9-E4WO19BE-6405WCRJ},03/23/2011 11:57:32,NWT0098,PC-4667,Disconnect
device,{K4Y6-V6BA03AU-1110XTAG},03/23/2011 12:37:24,NWT0098,PC-4667,Connect
device,{T3B6-G9ZG75JF-0853FPEA},03/23/2011 13:07:34,NWT0098,PC-4667,Disconnect
device,{P5M4-L1EE71NR-7903EQTF},03/23/2011 13:24:23,NWT0098,PC-4667,Connect
device,{Y8C2-H3PS09BN-7446LUGN},03/23/2011 14:24:29,NWT0098,PC-4667,Disconnect
device,{I2L2-V0NJ01HW-5365AGMR},03/23/2011 14:28:30,NWT0098,PC-4667,Connect
device,{U7Q2-O1RJ60ZV-5157KLOT},03/23/2011 15:42:51,NWT0098,PC-4667,Disconnect
device,{A3Q4-I9AS38NR-9096SJIL},03/23/2011 16:25:59,NWT0098,PC-4667,Connect
device,{F1D6-H1RI15LG-9260YKJP},03/23/2011 16:53:08,NWT0098,PC-4667,Disconnect
device,{Q5F3-H6HE15VW-7624JGIZ},03/25/2011 07:11:30,NWT0098,PC-4667,Connect
device,{P3N5-V7CU29BQ-3051VPDR},03/25/2011 07:53:05,NWT0098,PC-4667,Disconnect
device,{D4Q0-R6WP13HW-2383FLWU},03/25/2011 10:59:47,NWT0098,PC-4667,Connect
device,{U2P7-E8WC73AP-9241QRVT},03/25/2011 11:17:42,NWT0098,PC-4667,Disconnect
device,{K0L6-U6JI82JN-2080NGOH},03/25/2011 14:16:17,NWT0098,PC-4667,Connect
device,{Q7B7-P6GV36TU-1742TPIZ},03/25/2011 14:17:50,NWT0098,PC-4667,Disconnect
device,{V8A8-N2UB43OG-6201MBZE},03/25/2011 14:41:53,NWT0098,PC-4667,Connect
device,{G4G3-K9BZ63WF-5314MXFO},03/25/2011 15:13:46,NWT0098,PC-4667,Disconnect
device,{Y7R4-B8XK80CF-2030AWGJ},03/25/2011 15:50:12,NWT0098,PC-4667,Connect
device,{Y5V5-L4SF04UF-5917OOPO},03/25/2011 16:11:35,NWT0098,PC-4667,Disconnect
device,{X1Q6-O8FH16KM-0473CGJN},03/25/2011 16:15:50,NWT0098,PC-4667,Connect
device,{E0V7-R7ND17FG-4389RUPK},03/25/2011 16:42:29,NWT0098,PC-4667,Disconnect
device,{G4C1-U1RB84GW-1332ORQJ},04/01/2011 09:32:46,NWT0098,PC-4667,Connect
device,{M7S3-D8QF96ZU-6266BDFP},04/01/2011 09:55:53,NWT0098,PC-4667,Disconnect
device,{L2Y3-J2XP18SP-9805MYJC},04/01/2011 10:28:26,NWT0098,PC-4667,Connect
device,{A6V6-D1DB27PN-6448SMLY},04/01/2011 10:48:27,NWT0098,PC-4667,Disconnect
device,{O4W4-S4NB18PY-3725SQHK},04/01/2011 11:53:26,NWT0098,PC-4667,Connect
device,{W9F4-J2NQ08ZR-2069XIIV},04/01/2011 12:10:05,NWT0098,PC-4667,Disconnect
device,{G1C8-E8EN95WU-3652WJVH},04/01/2011 14:25:34,NWT0098,PC-4667,Connect
device,{Z6E9-X2PD91MZ-9676IEIJ},04/01/2011 14:55:48,NWT0098,PC-4667,Disconnect
device,{K1I1-C1CP21EZ-1572GIPR},04/01/2011 15:34:54,NWT0098,PC-4667,Connect
device,{F6G0-X8VJ91TB-3796EBZP},04/01/2011 16:00:38,NWT0098,PC-4667,Disconnect
device,{A8K6-W6ZR07NY-2140FEHW},04/01/2011 16:38:16,NWT0098,PC-4667,Connect
device,{Z6C5-I1HY12YS-6629MPHM},04/01/2011 16:52:14,NWT0098,PC-4667,Disconnect
device,{Z4N7-Q2OG19LT-9260GIWD},04/05/2011 13:13:43,NWT0098,PC-4667,Connect
device,{Q1Y3-T2HD41SK-4235RVQR},04/05/2011 13:30:11,NWT0098,PC-4667,Disconnect
device,{C2U3-W8HM44AA-4820QTRM},04/05/2011 13:30:24,NWT0098,PC-4667,Connect
device,{Q4Q0-Q2MJ75BY-7687JWCV},04/05/2011 13:30:56,NWT0098,PC-4667,Disconnect
device,{L4Y2-K5RM58VQ-4770KNQS},04/05/2011 13:34:40,NWT0098,PC-4667,Connect
device,{H8P4-Q4NJ66AR-5040NDTP},04/05/2011 13:44:45,NWT0098,PC-4667,Disconnect
device,{M7Y0-O1SD35WQ-5387QQWC},04/05/2011 13:47:27,NWT0098,PC-4667,Connect
device,{Q0Q3-A3PW48DS-7287IXHW},04/05/2011 13:56:14,NWT0098,PC-4667,Disconnect
device,{S5H7-X2TC60NG-5050WGKI},04/05/2011 13:58:15,NWT0098,PC-4667,Connect
device,{K7V5-T9CW98YF-2372GXRT},04/05/2011 14:00:24,NWT0098,PC-4667,Disconnect
