http,{X0V5-G9PU24EA-0606SITB},07/13/2010 09:52:19,RHL0992,PC-9040,http://lockheedmartin.com/WboUhagvat1636367808.htm,people growth growth compensation team skills growth relocation platform sales multiple salary years analyze engineer customer multiple start on-time job skills growth multitask strong multitask contribute on-time report years years permanent initiative industry responsibilities benefits management develop technologies multiple job process recruiter platform equivalent develop experience
email,{Z6Z6-G3RV30NQ-3975UCKI},07/20/2010 15:16:28,RHL0992,PC-9040,BKM6137@hp.com,,,Rachel.Hermione.Le@dtaa.com,26428,0,years self customer on-time interface required develop start experience develop growth passion on-line dynamic platform degree on-line multitask sales skills part-time starter job report compensation management process experience interface skills platform experience initiative growth passion job guidance interface multiple growth dynamic growth industry develop sales compensation permanent experience visual team benefits develop compensation required initiative people on-time starter permanent team strong analyze required growth benefits
http,{Z2X6-W9WG43TZ-4084OJCS},07/21/2010 12:39:07,RHL0992,PC-9040,http://aol.com/jobs/WboUhagvat1963819229.jsp,interface management multiple visual team on-line contribute customer skills skills strong dynamic growth expert team start interface start platform strong multitask multiple passion on-time multiple job skills customer years passion job benefits technologies job years resume multitask process customer skills initiative develop initiative skills part-time sales benefits customer experience dynamic sales years contribute sales degree management passion
email,{K9W6-L9HN48PX-3635LLTB},07/23/2010 09:41:26,RHL0992,PC-9040,BKM6137@hp.com,,,Rachel.Hermione.Le@dtaa.com,17220,0,resume hours develop skills on-time customer resume equivalent degree customer start equivalent start responsibilities permanent years part-time start report skills skills industry customer multitask sales job degree engineer responsibilities initiative call technologies report experience management industry on-time salary benefits industry benefits start report responsibilities degree equivalent people job
email,{K9B4-D7XS59ZN-2953GQHJ},07/23/2010 17:06:20,RHL0992,PC-9040,BKM6137@hp.com,,,Rachel.Hermione.Le@dtaa.com,30816,0,multiple develop process years responsibilities multitask team dynamic experience skills develop sales people years customer expert management develop permanent years growth industry customer technologies people part-time team responsibilities opening industry process initiative dynamic relocation permanent customer skills hours call resume people resume equivalent industry job initiative call growth experience start degree multitask
email,{D8J1-K2AX26CE-9872EPOO},07/26/2010 10:37:28,RHL0992,PC-9040,BKM6137@hp.com,,,Rachel.Hermione.Le@dtaa.com,26378,0,degree platform industry degree degree team platform hours skills required benefits growth hours people growth management years multitask opening salary sales team team technologies responsibilities start management guidance degree degree expert multitask strong guidance platform multiple strong growth people multitask team opening team customer strong permanent benefits people job required part-time degree
http,{I0X7-Y5UG82JJ-3823OPNA},07/26/2010 15:53:29,RHL0992,PC-9040,http://lockheedmartin.com/WboUhagvat1636367808.htm,opening engineer develop passion platform passion concepts platform years job years sales experience interface multitask develop customer resume people industry customer skills customer multiple platform management skills interface team on-time industry start multiple develop concepts strong interface salary process years relocation contribute self analyze analyze resume
http,{G7L7-Z7WT57RX-5306PIPI},07/27/2010 10:07:50,RHL0992,PC-9040,http://simplyhired.com/WboUhagvat57469130.jsp,required sales growth team interface team degree job management responsibilities expert process responsibilities develop report strong report develop resume dynamic on-time permanent experience initiative guidance people analyze concepts responsibilities equivalent skills on-line self multitask customer on-time years customer salary guidance benefits management part-time expert customer industry management initiative
email,{J3E4-G3ME43TI-1198VTRM},07/28/2010 10:59:35,RHL0992,PC-9040,BKM6137@hp.com,,,Rachel.Hermione.Le@dtaa.com,53782,0,platform start resume concepts required concepts permanent years passion responsibilities experience benefits technologies equivalent skills analyze experience concepts platform growth interface resume relocation part-time responsibilities multitask develop develop passion permanent expert contribute salary develop permanent management required
http,{L6F4-Z6AN20BJ-2187GROW},07/30/2010 10:57:55,RHL0992,PC-9040,http://harris.com/WboUhagvat1919385663.htm,on-time growth expert required benefits experience growth people report job develop concepts develop contribute strong industry resume team benefits opening part-time skills technologies skills starter years concepts multitask benefits opening start expert people years equivalent process people people customer interface guidance part-time
email,{H0T0-N1CD07TA-6909AZVF},08/02/2010 17:33:21,RHL0992,PC-9040,BKM6137@hp.com,,,Rachel.Hermione.Le@dtaa.com,29272,0,recruiter growth contribute opening team people multitask opening hours process contribute team opening start growth industry degree growth multiple job concepts skills initiative opening multitask required multitask guidance multitask benefits analyze equivalent strong report job self
email,{B3T0-T2MH27SD-5852QFPX},08/02/2010 18:30:42,RHL0992,PC-9040,BKM6137@hp.com,,,Rachel.Hermione.Le@dtaa.com,23539,0,sales degree customer sales develop process customer job years experience job resume contribute part-time growth develop permanent skills develop analyze growth resume resume multiple self people skills customer team technologies guidance strong responsibilities resume opening on-line recruiter expert contribute benefits initiative multitask platform concepts
http,{D2D2-D7BH37VV-6474CCVZ},08/03/2010 19:34:22,RHL0992,PC-9040,http://linkedin.com/WboUhagvat1479839504.aspx,contribute required multitask customer dynamic initiative sales degree technologies multitask develop concepts sales responsibilities skills process technologies years management customer skills report on-time responsibilities hours experience people customer growth analyze skills resume degree responsibilities platform team skills people job sales responsibilities responsibilities opening analyze hours compensation visual responsibilities people
email,{U2C0-K9WR01AQ-8092YSUF},08/04/2010 10:31:17,RHL0992,PC-9040,BKM6137@hp.com,,,Rachel.Hermione.Le@dtaa.com,19650,0,passion skills resume initiative on-time experience job report contribute develop platform multitask interface team visual experience equivalent multiple team responsibilities skills required years concepts permanent report contribute strong skills resume relocation responsibilities degree benefits multitask experience platform guidance required industry contribute multitask initiative people multiple multitask people people skills on-time technologies dynamic permanent growth benefits customer
email,{X4O0-H9AN59SP-1408FOWM},08/04/2010 12:48:17,RHL0992,PC-9040,BKM6137@hp.com,,,Rachel.Hermione.Le@dtaa.com,26554,0,benefits strong multitask degree required passion passion expert degree sales degree resume industry required sales process strong self years required management team permanent team years start customer experience multitask management experience analyze start sales sales develop degree years sales concepts multiple experience strong expert customer technologies engineer interface interface guidance technologies people growth experience responsibilities experience
device,{E6D9-B8CU97OA-2235RDWC},08/12/2010 09:22:10,RHL0992,PC-9040,Connect
device,{T0X2-T2VP02MV-2922CLYK},08/12/2010 09:36:36,RHL0992,PC-9040,Disconnect
device,{Z6N8-A8SI78KE-9453JHGN},08/12/2010 10:10:22,RHL0992,PC-9040,Connect
device,{M7V8-U6IT16SI-4732CHIE},08/12/2010 10:16:25,RHL0992,PC-9040,Disconnect
device,{I3R5-B6WF29ZR-9572IKVU},08/12/2010 12:05:30,RHL0992,PC-9040,Connect
device,{F9G4-Q4RX69ZH-6266SUYV},08/12/2010 13:48:17,RHL0992,PC-9040,Connect
device,{G8A8-B7LL83HE-6791RSVW},08/12/2010 13:52:05,RHL0992,PC-9040,Disconnect
device,{B7R1-X5AJ14TA-8840DVII},08/12/2010 17:28:50,RHL0992,PC-9040,Connect
device,{I6P1-N6DL31WH-7288UACF},08/12/2010 18:26:54,RHL0992,PC-9040,Disconnect
device,{M8K4-W3PN44NE-3093ZAMM},08/12/2010 19:48:22,RHL0992,PC-9040,Connect
device,{X7W3-H3NS24LT-8872TLGE},08/12/2010 19:52:22,RHL0992,PC-9040,Disconnect
device,{F2I9-D4OL72HX-8142WKDH},08/20/2010 10:58:27,RHL0992,PC-9040,Connect
device,{G1R8-M4QH52EU-3810TTQE},08/20/2010 10:59:20,RHL0992,PC-9040,Disconnect
device,{Y6A9-Y1BV92GS-8222EKBH},08/20/2010 11:06:07,RHL0992,PC-9040,Connect
device,{A6A0-R8BV65JN-9534GBJZ},08/20/2010 11:38:37,RHL0992,PC-9040,Disconnect
device,{U1Z2-F8TM33BL-9165NHOM},08/20/2010 12:10:37,RHL0992,PC-9040,Connect
device,{K5N5-C4UZ56GS-5582CTLL},08/20/2010 13:48:48,RHL0992,PC-9040,Disconnect
device,{P1N0-V8JG58ZQ-2526RHSJ},08/20/2010 18:29:32,RHL0992,PC-9040,Connect
device,{A6C1-C3GF74YC-4884NFNF},08/20/2010 18:31:19,RHL0992,PC-9040,Disconnect
device,{U3F7-M3XN49IE-0747FJLB},08/20/2010 19:12:19,RHL0992,PC-9040,Connect
device,{L9W5-S5HV94GX-4963UXCB},08/20/2010 19:13:41,RHL0992,PC-9040,Disconnect
device,{C0Q5-S2BZ49OQ-9229JBDC},08/20/2010 20:38:59,RHL0992,PC-9040,Connect
device,{V2P2-Q6TM14HR-1199ALTE},08/20/2010 20:52:20,RHL0992,PC-9040,Disconnect
device,{G6H4-W0DG92SK-8879YOLG},08/26/2010 09:59:47,RHL0992,PC-9040,Connect
device,{A5O9-H7EA02RN-4874QAIL},08/26/2010 10:10:20,RHL0992,PC-9040,Disconnect
device,{C4Z1-Q4DK12NN-8883SHHZ},08/26/2010 10:21:27,RHL0992,PC-9040,Connect
device,{M8W3-T9OM65PM-2290CKFD},08/26/2010 10:23:44,RHL0992,PC-9040,Disconnect
device,{X3U9-I0SV24OI-9889RMFJ},08/26/2010 10:52:20,RHL0992,PC-9040,Connect
email,{W5F2-A4IH88MG-0761OHKF},08/26/2010 10:58:58,RHL0992,PC-9040,Grant.Tyrone.Doyle@dtaa.com,,,Rachel.Hermione.Le@dtaa.com,23270,0,resign position resignation letter week 2 my exit week my key interview opportunity resign letter interview exit position resign 2 position 2 week letter resignation opportunity position notice interview opportunity week notice 2 2 resign key opportunity position thanks notice week resignation resign interview 2 exit resign 2 week exit of
device,{V0Y0-S0QY38IM-4576CFWB},08/26/2010 11:14:25,RHL0992,PC-9040,Disconnect
device,{A1Z5-L8SC29AR-1115RVPP},08/26/2010 15:23:31,RHL0992,PC-9040,Connect
device,{M3E4-K7EN23DG-3395VVPJ},08/26/2010 15:28:24,RHL0992,PC-9040,Disconnect
device,{H8F6-S6KO47JC-0736AZNG},08/26/2010 18:36:05,RHL0992,PC-9040,Connect
device,{Q7E7-P4UE91BU-3449LVHQ},08/26/2010 18:43:11,RHL0992,PC-9040,Disconnect
device,{D8S8-C4WN04CD-3811AZQT},08/26/2010 19:01:39,RHL0992,PC-9040,Connect
device,{Z3V4-J6TU46AN-5089ZEGO},08/26/2010 19:12:28,RHL0992,PC-9040,Disconnect
device,{E2C3-U9LC46UO-6834WFKB},08/26/2010 20:41:32,RHL0992,PC-9040,Connect
device,{T1U3-L9QG84TU-4604AKVT},08/26/2010 20:55:19,RHL0992,PC-9040,Disconnect
device,{S0C2-R8AW35OV-6120NTGG},08/27/2010 10:06:31,RHL0992,PC-9040,Connect
device,{P2D4-U8FW53MN-3543WZQG},08/27/2010 10:24:21,RHL0992,PC-9040,Disconnect
device,{A9V3-N7DY16SG-1021UGBA},08/27/2010 10:27:53,RHL0992,PC-9040,Connect
device,{K7H0-Q2MO41HF-0709NIVL},08/27/2010 10:32:47,RHL0992,PC-9040,Disconnect
device,{Q6D1-L2ZY96GM-5727ZBNM},08/27/2010 10:35:55,RHL0992,PC-9040,Connect
device,{Y8H0-H0KC00CB-1392LHWV},08/27/2010 10:44:28,RHL0992,PC-9040,Disconnect
device,{U2Y9-C9DI45DD-4090OQUJ},08/27/2010 11:03:33,RHL0992,PC-9040,Connect
device,{G1T1-P3BI32WA-3339WUJB},08/27/2010 11:36:21,RHL0992,PC-9040,Disconnect
device,{U8P9-J0DJ34QH-5580QPDD},08/27/2010 18:13:31,RHL0992,PC-9040,Connect
device,{O4X0-P5SK48AD-7523SVSV},08/27/2010 18:17:01,RHL0992,PC-9040,Disconnect
device,{A2S6-P7SX37JF-8659VFGF},09/01/2010 10:03:39,RHL0992,PC-9040,Connect
device,{E3A6-X6AE45RS-3291EDAZ},09/01/2010 11:03:34,RHL0992,PC-9040,Disconnect
device,{J8E9-P7QX82JS-5873BHXB},09/01/2010 11:16:48,RHL0992,PC-9040,Connect
device,{R9R0-L4WO22VU-1374DQVD},09/01/2010 11:20:07,RHL0992,PC-9040,Disconnect
device,{K9N3-O1HT76QE-2414PLQP},09/01/2010 15:00:50,RHL0992,PC-9040,Connect
device,{E3K7-H0DF32XZ-8460AKGJ},09/01/2010 15:04:18,RHL0992,PC-9040,Disconnect
device,{O4B7-W8HF05XS-1039UEYH},09/01/2010 18:38:13,RHL0992,PC-9040,Connect
device,{T7F7-J3GR30LP-5054AVHK},09/01/2010 18:41:05,RHL0992,PC-9040,Disconnect
device,{S8Z1-I0QX28PQ-0197IQTY},09/01/2010 19:53:40,RHL0992,PC-9040,Connect
device,{L7Q4-X6AF65YV-6443YOIP},09/01/2010 20:59:57,RHL0992,PC-9040,Disconnect
device,{N9I6-J0XQ83XQ-9621ZXJI},09/09/2010 10:36:18,RHL0992,PC-9040,Connect
device,{O1R8-M3JH62TM-6361QHTL},09/09/2010 11:05:09,RHL0992,PC-9040,Disconnect
device,{I5A1-Z9LG13GO-2678JOIU},09/09/2010 15:54:45,RHL0992,PC-9040,Connect
device,{D6N7-Z8ZT90PB-6615PPRR},09/09/2010 16:01:48,RHL0992,PC-9040,Disconnect
device,{Z8C5-W1MU71CN-8997MMFF},09/09/2010 16:42:34,RHL0992,PC-9040,Connect
device,{G7L5-P3HU03MK-9114OLII},09/09/2010 17:32:42,RHL0992,PC-9040,Disconnect
device,{I0R3-E7GQ58VV-6823NINO},09/09/2010 17:43:53,RHL0992,PC-9040,Connect
device,{V5Q2-Y2SU09RS-8083FBPV},09/09/2010 18:00:38,RHL0992,PC-9040,Disconnect
device,{A8B3-O4RU77BF-0516HICS},09/09/2010 19:29:49,RHL0992,PC-9040,Connect
device,{G6F9-M4EJ52ZS-8489AHSS},09/09/2010 19:46:09,RHL0992,PC-9040,Disconnect
device,{F2D8-I5EA54NB-2694SFUV},09/09/2010 20:05:58,RHL0992,PC-9040,Connect
device,{L9I3-I2JG26RI-9535BYNH},09/09/2010 20:45:13,RHL0992,PC-9040,Disconnect
