user,event_date,logon_count,after_hours_logon_count,logon_pc_count,device_connect_count,after_hours_device_count,device_pc_count,file_count,unique_file_count,after_hours_file_count,usb_file_count,usb_executable_count,http_count,http_domain_count,after_hours_http_count,job_site_count,leak_site_count,keylogger_site_count,email_count,external_email_count,external_attachment_email_count,external_email_size,after_hours_email_count,mass_recipient_email_count,z_after_hours_logon_count,z_logon_pc_count,z_logon_count,z_after_hours_device_count,z_device_connect_count,z_usb_file_count,z_file_count,z_unique_file_count,z_after_hours_file_count,z_http_domain_count,z_after_hours_http_count,z_external_email_count,z_external_attachment_email_count,z_external_email_size,z_after_hours_email_count,z_mass_recipient_email_count,z_job_site_count,z_leak_site_count,z_keylogger_site_count,z_usb_executable_count,generic_score,hybrid_score
CAH0936,2010-08-18,4.0,2.0,2.0,7.0,7.0,1.0,19.0,19.0,19.0,15.0,1.0,3.0,3.0,0.0,0.0,0.0,0.0,5.0,3.0,1.0,104506.0,0.0,0.0,7.042890971334735,1.5347092180021604,1.5163837132680567,10.0,9.479234201595458,7.588593397314461,8.214046959287348,8.214046959287348,8.59250201905731,0.3057581137229488,0.0,0.9620112813479527,0.7254304490138422,0.8880040027770957,0.0,0.0,0.0,0.0,0.0,6.0,4.326961312713407,3.5071823111954004
BDV0168,2010-08-03,2.0,1.0,1.0,8.0,8.0,1.0,21.0,21.0,21.0,21.0,0.0,13.0,11.0,3.0,2.0,0.0,0.0,8.0,1.0,1.0,30021.0,0.0,0.0,4.798214540391232,0.6807456457050176,1.7940067206575017,8.689980151066829,8.689980151066829,8.578339279376813,8.578339279376813,8.578339279376813,8.578339279376813,1.1022198945129773,5.913484571067922,0.0,0.7911534122331645,0.5655659666120502,0.0,0.0,2.2052612475489606,0.0,0.0,0.0,4.3683330484005225,3.175887083043909
JRG0207,2011-01-20,2.0,1.0,1.0,7.0,7.0,1.0,10.0,10.0,10.0,10.0,0.0,10.0,6.0,4.0,0.0,0.0,0.0,5.0,1.0,0.0,33911.0,0.0,0.0,5.385164807134504,0.760885910252682,1.8367426591587075,7.2829318197008375,7.2829318197008375,8.004477864067892,8.004477864067892,8.004477864067892,8.004477864067892,0.7881322960313922,10.0,0.008434256913365168,0.0,0.805585803457005,0.0,0.0,0.0,0.0,0.0,0.0,4.237444219396477,2.9563564321370768
KLH0596,2011-02-07,2.0,1.0,1.0,9.0,9.0,1.0,26.0,26.0,26.0,26.0,0.0,1.0,1.0,0.0,0.0,0.0,0.0,1.0,1.0,0.0,19465.0,0.0,0.0,7.681145747868609,0.7337993857053429,1.8888489005454696,7.681145747868607,7.681145747868607,7.595892925448737,7.595892925448737,7.595892925448737,7.595892925448737,1.1694076003837484,0.0,2.7516228977511727,0.0,2.6194238910292102,0.0,0.0,0.0,0.0,0.0,0.0,4.1791051061844495,2.915654725244965
BTL0226,2010-10-08,3.0,1.0,1.0,2.0,2.0,1.0,3.0,3.0,3.0,3.0,0.0,2.0,2.0,0.0,0.0,0.0,0.0,3.0,3.0,0.0,75517.0,0.0,0.0,4.798214540391232,0.5560506811120997,1.2750518687759085,5.20187651435287,5.20187651435287,10.0,10.0,10.0,10.0,0.0,0.0,1.1804488554899597,0.0,0.8806271207395723,0.0,0.0,0.0,0.0,0.0,0.0,4.037154034230742,2.816619093649355
MAR0955,2011-02-15,2.0,0.0,1.0,8.0,5.0,1.0,24.0,24.0,16.0,24.0,0.0,2.0,2.0,1.0,1.0,0.0,0.0,1.0,0.0,0.0,0.0,0.0,0.0,0.0,0.7071067811865475,1.7503972150553782,6.376811733630674,7.873752215970787,7.681145747868608,7.681145747868608,7.681145747868608,6.74524797893002,2.3302797136346527,6.0,0.0,0.0,0.0,0.0,0.0,7.681145747868609,0.0,0.0,0.0,3.384001086472271,2.8075092317172015
RKD0604,2010-07-15,2.0,1.0,1.0,9.0,9.0,1.0,22.0,22.0,22.0,22.0,0.0,8.0,6.0,3.0,0.0,0.0,0.0,6.0,4.0,0.0,132483.0,0.0,0.0,5.385164807134504,0.6807456457050176,1.8015273925812858,7.352063380498324,7.352063380498324,7.220018606810905,7.220018606810905,7.220018606810905,7.220018606810905,0.64315977241515,8.219803746721157,1.2359912436623184,0.0,0.8716633636594728,0.0,0.0,0.0,0.0,0.0,0.0,4.009550685690361,2.797360943504903
MCF0600,2010-09-24,2.0,1.0,1.0,8.0,8.0,1.0,27.0,27.0,27.0,27.0,1.0,1.0,1.0,1.0,0.0,0.0,0.0,0.0,0.0,0.0,0.0,0.0,0.0,1.7807575065911618,0.0,1.0119494213888698,6.497968402722947,6.497968402722947,7.681145747868608,7.681145747868608,7.681145747868608,7.681145747868608,1.0249551540650879,3.148863849402352,0.0,0.0,0.0,0.0,0.0,0.0,0.0,0.0,6.0,3.3082657938539306,2.7964645073399517
RSC0089,2010-11-20,3.0,3.0,2.0,9.0,9.0,1.0,10.0,10.0,10.0,9.0,1.0,2.0,2.0,2.0,1.0,0.0,0.0,5.0,4.0,0.0,113698.0,5.0,0.0,5.181036310903635,1.1931825081742993,0.9794828225153116,7.420621707253452,0.7204293308817722,1.8944185329060692,1.9998129947087764,1.9998129947087764,10.0,0.0,5.143232910472627,1.2692842320138242,0.0,0.8842866522133805,6.0,0.0,1.8564249667492758,0.0,0.0,7.681145747868609,2.9466951746294447,2.788975064495271
AHD0848,2011-01-02,2.0,2.0,1.0,2.0,2.0,1.0,2.0,2.0,2.0,2.0,0.0,4.0,4.0,4.0,0.0,0.0,0.0,1.0,1.0,1.0,36941.0,1.0,0.0,4.526338060934527,0.41026679461746246,0.6881231887361996,10.0,3.3294882766697014,3.0804289144847226,3.0804289144847226,3.0804289144847226,5.20187651435287,4.430993531650513,10.0,2.0000000000000004,5.385164807134504,2.0330489306253416,3.7416573867739418,0.0,0.0,0.0,0.0,0.0,3.9627868286383934,2.7647349967244605
MAS0025,2010-09-28,2.0,1.0,1.0,4.0,4.0,1.0,20.0,20.0,20.0,20.0,0.0,3.0,3.0,0.0,0.0,0.0,0.0,7.0,3.0,0.0,79432.0,0.0,0.0,7.681145747868609,0.6807456457050175,1.8671347504177542,6.886298716166534,6.886298716166534,8.263737260278187,8.263737260278187,8.263737260278187,8.263737260278187,0.12312229795865479,0.0,0.4599275380209275,0.0,0.6497156709830163,0.0,0.0,0.0,0.0,0.0,0.0,3.9447111803482007,2.7521240793126984
WDD0366,2011-02-28,8.0,3.0,6.0,2.0,2.0,1.0,4.0,4.0,4.0,4.0,0.0,11.0,7.0,0.0,0.0,0.0,0.0,4.0,3.0,0.0,102462.0,0.0,0.0,1.128846699754064,1.176284902476355,1.241916191051235,6.476486946286815,6.476486946286815,10.0,10.0,10.0,10.0,1.0187443934357157,0.0,0.7678765991878359,0.0,0.7988528207046955,0.0,0.0,0.0,0.0,0.0,0.0,3.919752496332389,2.7347110439528293
BIH0745,2010-07-02,2.0,1.0,1.0,3.0,3.0,1.0,13.0,13.0,13.0,13.0,0.0,6.0,6.0,0.0,0.0,0.0,0.0,7.0,5.0,1.0,165517.0,0.0,0.0,7.681145747868609,0.6287677132370126,1.8550946005350113,7.681145747868609,7.681145747868609,7.681145747868609,7.681145747868609,7.681145747868609,7.681145747868609,0.4214042347714112,0.0,0.7713820868154054,0.025168676451699488,0.7180286368022998,0.0,0.0,0.0,0.0,0.0,0.0,3.9093194765393506,2.727432192934431
GHL0460,2010-11-12,2.0,1.0,1.0,6.0,6.0,1.0,19.0,19.0,19.0,19.0,0.0,0.0,0.0,0.0,0.0,0.0,0.0,1.0,1.0,0.0,14925.0,0.0,0.0,5.385164807134504,0.6030226891555273,1.7864086752606012,8.555915288156166,8.555915288156166,7.332962262497489,7.332962262497489,7.332962262497489,7.332962262497489,0.0,0.0,2.23606797749979,0.0,2.0656265730175596,0.0,0.0,0.0,0.0,0.0,0.0,3.886217479960831,2.7113145209029055
QJR0688,2010-05-30,2.0,2.0,2.0,2.0,2.0,1.0,9.0,9.0,9.0,9.0,0.0,6.0,6.0,6.0,0.0,0.0,0.0,6.0,4.0,0.0,107226.0,6.0,0.0,10.0,1.3938140782018449,1.3938140782018449,10.0,1.2286194646393827,1.6352912823615096,1.6352912823615091,1.6352912823615091,10.0,0.9477254788929097,9.310853266640217,1.0918347726724036,0.0,0.8088996554567321,8.217939413143101,0.0,0.0,0.0,0.0,0.0,3.8757803066830916,2.7040327721044823
DCH0843,2011-01-29,1.0,1.0,1.0,5.0,5.0,1.0,11.0,11.0,11.0,11.0,0.0,0.0,0.0,0.0,0.0,0.0,0.0,0.0,0.0,0.0,0.0,0.0,0.0,7.681145747868609,0.6807456457050176,0.6425259834915393,7.06234916643116,7.06234916643116,8.299656959451303,8.299656959451303,8.299656959451303,8.299656959451303,0.0,0.0,0.0,0.0,0.0,0.0,0.0,0.0,0.0,0.0,0.0,3.865706118789761,2.697004268923089
CAH0936,2010-08-11,4.0,1.0,1.0,2.0,1.0,1.0,4.0,4.0,3.0,4.0,0.0,4.0,4.0,1.0,2.0,1.0,0.0,3.0,2.0,2.0,63556.0,0.0,0.0,7.681145747868609,0.4342950754218302,1.5577706879464477,4.798214540391232,7.681145747868608,5.329699709385257,5.329699709385257,5.329699709385257,4.572703165985876,0.5794911953188155,4.798214540391232,0.5412342556345544,1.794270057039721,0.7949077624510933,0.0,0.0,3.2759832270179445,1.9999999999999996,0.0,0.0,3.3189138841364216,2.6687761532938956
LJR0523,2010-07-29,2.0,1.0,1.0,2.0,2.0,1.0,3.0,3.0,3.0,3.0,0.0,2.0,2.0,1.0,0.0,0.0,0.0,2.0,2.0,2.0,36929.0,0.0,0.0,6.0,0.6807456457050176,1.938253041283898,6.0,6.0,6.0,6.0,6.0,6.0,1.2520239412468244,6.0,1.6432099342907351,3.5131875719893433,1.2365482644702757,0.0,0.0,0.0,0.0,0.0,0.0,3.819410783452478,2.664705197757543
TAP0551,2010-11-02,3.0,1.0,1.0,2.0,2.0,1.0,11.0,11.0,11.0,11.0,0.0,6.0,5.0,1.0,1.0,0.0,0.0,6.0,1.0,0.0,20366.0,0.0,0.0,3.1488638494023515,0.5483431399231486,1.342676948605531,7.042890971334735,7.042890971334735,7.964592232168201,7.964592232168201,7.964592232168201,7.964592232168201,0.718277785109898,4.019419917637095,0.0,0.0,0.6123177035268738,0.0,0.0,1.6052017707550637,0.0,0.0,0.0,3.6734148977614267,2.656173287435592
BBS0422,2010-11-20,1.0,1.0,1.0,2.0,2.0,1.0,5.0,5.0,5.0,5.0,0.0,9.0,6.0,9.0,3.0,1.0,0.0,6.0,1.0,1.0,49235.0,6.0,0.0,2.0541778429027957,0.38964746934384625,0.1937684396383863,10.0,2.5064482017132264,1.979750636803709,1.9797506368037099,1.9797506368037099,10.0,0.9513568440234655,5.616658085724703,0.0,0.7942933633941793,0.7161202365356057,4.610956416368115,0.0,7.750576015460306,1.7356311276993224,0.0,0.0,2.872955372388803,2.5962746548200575
MPT0376,2010-04-17,2.0,2.0,1.0,1.0,1.0,1.0,4.0,4.0,4.0,4.0,0.0,3.0,2.0,3.0,1.0,0.0,0.0,7.0,5.0,2.0,136415.0,7.0,0.0,7.681145747868606,0.3345770347515063,0.6348239663743395,7.681145747868603,0.4240747762685698,0.820194714547726,0.820194714547726,0.820194714547726,10.0,0.10246586442670025,10.0,1.6781075761012185,1.783808970307112,0.9610226114457189,9.962287263517199,0.0,1.6642215921725694,0.0,0.0,0.0,3.498278290458355,2.5374163417251645
HJB0742,2010-11-16,3.0,1.0,1.0,3.0,3.0,1.0,3.0,3.0,3.0,3.0,0.0,7.0,7.0,2.0,1.0,0.0,0.0,8.0,2.0,1.0,72751.0,0.0,0.0,6.0,0.5171766591661139,1.4007815450639518,6.0,6.0,6.0,6.0,6.0,6.0,0.6747271546339623,6.0,0.19203965614553153,0.504578587039309,0.6693903418590155,0.0,0.0,2.759762678953188,0.0,0.0,0.0,3.3884688851482316,2.524499377949533
CAH0936,2010-08-09,3.0,1.0,1.0,2.0,2.0,1.0,9.0,9.0,9.0,9.0,0.0,6.0,5.0,2.0,0.0,1.0,0.0,4.0,2.0,0.0,72989.0,0.0,0.0,6.0,0.4342950754218302,1.1613476026336296,6.0,6.0,6.0,6.0,6.0,6.0,0.8038753658777614,6.0,0.5180381092883374,0.0,0.7960674024561755,0.0,0.0,0.0,1.9999999999999996,0.0,0.0,3.371850284864806,2.5152443847894
AJR0932,2010-09-16,2.0,1.0,1.0,9.0,9.0,1.0,23.0,23.0,23.0,23.0,0.0,3.0,3.0,0.0,0.0,0.0,0.0,6.0,1.0,0.0,24189.0,0.0,0.0,4.798214540391232,0.6546536707079771,1.7858878708243227,7.681145747868607,7.681145747868607,7.582081888935036,7.582081888935036,7.582081888935036,7.582081888935036,0.355851343273346,0.0,0.0,0.0,0.6581197493050857,0.0,0.0,0.0,0.0,0.0,0.0,3.580323087044935,2.497899828170885
BTL0226,2010-10-06,4.0,2.0,1.0,4.0,4.0,1.0,1.0,1.0,1.0,1.0,0.0,6.0,5.0,2.0,0.0,0.0,0.0,7.0,1.0,0.0,27311.0,0.0,0.0,6.0,0.6068900147757059,1.8066631575041199,6.0,6.0,6.0,6.0,6.0,6.0,0.844635867845749,10.0,0.10117218865120527,0.0,0.7490005466536468,0.0,0.0,0.0,0.0,0.0,0.0,3.5673824231902853,2.488871458039734
MSO0222,2010-12-09,7.0,5.0,6.0,2.0,1.0,2.0,1.0,1.0,0.0,1.0,1.0,8.0,8.0,2.0,1.0,0.0,0.0,7.0,3.0,0.0,110966.0,0.0,0.0,1.744076409453732,1.1520342070850675,1.3271603866627315,6.0,6.0,6.0,6.0,6.0,0.0,1.165046136970257,6.0,1.0021473082601853,0.0,0.8974087946561194,0.0,0.0,1.7486991198935298,0.0,0.0,6.0,2.7113010833768136,2.481646053512517
BDV0168,2010-07-30,3.0,2.0,1.0,6.0,6.0,1.0,15.0,15.0,15.0,15.0,0.0,13.0,12.0,5.0,1.0,0.0,0.0,7.0,3.0,0.0,68441.0,0.0,0.0,6.0,0.6546536707079772,2.836832573067901,6.0,6.0,6.0,6.0,6.0,6.0,1.1686152059258437,6.0,0.6587200193782968,0.0,0.6954669218437022,0.0,0.0,1.1206573606535566,0.0,0.0,0.0,3.442624927523807,2.4669858424964675
JLM0364,2011-04-28,6.0,2.0,5.0,2.0,1.0,2.0,1.0,1.0,0.0,1.0,1.0,2.0,2.0,0.0,0.0,0.0,1.0,3.0,0.0,0.0,0.0,0.0,0.0,0.46532872013088145,0.8242537842048119,1.0195474208920938,6.0,6.0,6.0,6.0,6.0,0.0,0.0,0.0,0.0,0.0,0.0,0.0,0.0,0.0,0.0,6.0,6.0,2.105478768076783,2.445682861448918
BIH0745,2010-06-29,2.0,1.0,1.0,3.0,3.0,1.0,13.0,13.0,13.0,13.0,0.0,7.0,5.0,2.0,0.0,0.0,0.0,9.0,7.0,1.0,242880.0,0.0,0.0,6.0,0.6807456457050176,1.938253041283898,6.0,6.0,6.0,6.0,6.0,6.0,0.3307412303937062,6.0,1.1626894330871995,0.07906287492331615,0.8393446585615327,0.0,0.0,0.0,0.0,0.0,0.0,3.4363320052706112,2.397440933909729
MYD0978,2010-12-08,2.0,1.0,1.0,4.0,4.0,1.0,15.0,15.0,15.0,15.0,0.0,4.0,4.0,1.0,0.0,0.0,0.0,7.0,3.0,0.0,120715.0,0.0,0.0,6.0,0.7071067811865475,1.9479996341858585,6.0,6.0,6.0,6.0,6.0,6.0,0.40970352947866673,6.0,0.7959051370021641,0.0,0.8497911315111359,0.0,0.0,0.0,0.0,0.0,0.0,3.4108393948764717,2.3796553917742824
MGS0974,2011-04-30,1.0,1.0,1.0,1.0,1.0,1.0,7.0,7.0,7.0,7.0,0.0,8.0,7.0,8.0,0.0,1.0,0.0,5.0,5.0,0.0,159158.0,5.0,0.0,4.358898943540673,0.38676360684348626,0.38676360684348626,6.0,1.949882514150665,4.917680879290571,4.917680879290571,4.917680879290571,6.0,1.1130548922747332,5.448293779106676,1.3777819837119927,0.0,0.8297698577834529,4.266295437749674,0.0,0.0,2.646499858276565,0.0,0.0,3.1020193275802583,2.3796123100319937
RKD0604,2010-07-09,2.0,1.0,1.0,9.0,9.0,1.0,27.0,27.0,27.0,27.0,0.0,7.0,5.0,2.0,0.0,0.0,0.0,7.0,3.0,0.0,109745.0,0.0,0.0,6.0,0.6546536707079772,1.9311464984533864,6.0,6.0,6.0,6.0,6.0,6.0,0.43096214517003695,6.0,0.7916827039945278,0.0,0.7939751173215253,0.0,0.0,0.0,0.0,0.0,0.0,3.404678623466556,2.3753571791627137
FTM0406,2010-11-22,2.0,1.0,1.0,8.0,8.0,1.0,20.0,20.0,20.0,20.0,0.0,7.0,5.0,1.0,0.0,0.0,0.0,6.0,2.0,0.0,46502.0,0.0,0.0,6.0,0.6546536707079771,1.931146498453386,6.0,6.0,6.0,6.0,6.0,6.0,0.9161898653445014,6.0,0.3394933443363035,0.0,0.6742685527915723,0.0,0.0,0.0,0.0,0.0,0.0,3.386770050194613,2.362862825717172
FMG0527,2010-12-30,2.0,1.0,1.0,5.0,5.0,1.0,11.0,11.0,11.0,11.0,0.0,4.0,3.0,2.0,0.0,0.0,0.0,1.0,0.0,0.0,0.0,0.0,0.0,6.0,0.7337993857053429,1.9602140248191877,6.0,6.0,6.0,6.0,6.0,6.0,1.8165308431762515,6.0,0.0,0.0,0.0,0.0,0.0,0.0,0.0,0.0,0.0,3.361384105038091,2.3451517011893657
HFB0347,2010-06-05,1.0,1.0,1.0,2.0,2.0,1.0,9.0,9.0,9.0,9.0,0.0,3.0,2.0,3.0,2.0,0.0,0.0,3.0,3.0,0.0,71349.0,3.0,0.0,5.385164807134504,0.5773502691896255,0.5773502691896255,6.0,2.9342754330939758,1.252628053300809,1.252628053300809,1.252628053300809,6.0,0.9368718894251057,8.219803746721157,2.5289034702088937,0.0,1.315522112497351,8.219803746721155,0.0,5.433098751795483,0.0,0.0,0.0,2.878588672347316,2.3241955127885627
LIM0674,2011-01-05,3.0,1.0,1.0,1.0,1.0,1.0,4.0,4.0,4.0,4.0,0.0,7.0,6.0,4.0,0.0,0.0,0.0,5.0,1.0,0.0,35025.0,0.0,0.0,2.7014127213307795,0.47820983227702996,1.2371435089839833,6.0,1.7807575065911616,7.975467262327219,7.285888474772309,7.285888474772309,6.0,1.188437381455114,6.549685389571685,0.0,0.0,0.7327674177334703,0.0,0.0,0.0,0.0,0.0,0.0,3.3242290726392394,2.31922958556226
FTM0406,2010-12-01,2.0,1.0,1.0,8.0,8.0,1.0,13.0,13.0,13.0,13.0,0.0,6.0,6.0,0.0,0.0,0.0,0.0,4.0,0.0,0.0,0.0,0.0,0.0,5.385164807134504,0.6807456457050176,1.8671347504177542,7.321814937777877,7.321814937777877,6.640843461810317,6.640843461810317,6.640843461810317,6.640843461810317,1.1847072731363675,0.0,0.0,0.0,0.0,0.0,0.0,0.0,0.0,0.0,0.0,3.3146262449412607,2.312529938331112
TAP0551,2010-10-22,3.0,1.0,1.0,1.0,1.0,1.0,10.0,10.0,10.0,10.0,0.0,9.0,4.0,0.0,0.0,0.0,0.0,4.0,3.0,3.0,88505.0,0.0,0.0,6.0,0.5231557137011705,1.3735685663502855,6.0,6.0,6.0,6.0,6.0,6.0,0.47806562043597534,0.0,0.8617013562324338,2.553323008839666,0.8086065127846729,0.0,0.0,0.0,0.0,0.0,0.0,3.304547176033094,2.3054980297905305
AAM0658,2010-10-27,2.0,1.0,1.0,1.0,1.0,1.0,9.0,9.0,9.0,9.0,0.0,3.0,3.0,2.0,0.0,0.0,0.0,1.0,1.0,0.0,21432.0,0.0,0.0,5.385164807134504,0.6546536707079771,1.8598098096932851,3.34139917603513,3.34139917603513,7.108015688531569,7.108015688531569,7.108015688531569,7.108015688531569,1.53572246135447,2.6781908346951866,0.7197115384603082,0.0,0.9943317557967638,0.0,0.0,0.0,0.0,0.0,0.0,3.243926875568649,2.2632047969083597
JMB0308,2010-07-12,2.0,0.0,1.0,5.0,3.0,1.0,10.0,10.0,8.0,10.0,0.0,3.0,3.0,1.0,0.0,0.0,0.0,11.0,9.0,4.0,242446.0,0.0,0.0,0.0,0.7071067811865475,1.9479996341858585,6.0,6.0,6.0,6.0,6.0,6.0,0.06318293430442735,6.0,1.7494155930844129,3.0500666059085426,0.9536333208782555,0.0,0.0,0.0,0.0,0.0,0.0,3.2210634302665473,2.247253555999917
GCL0016,2011-01-01,2.0,2.0,1.0,2.0,2.0,1.0,5.0,5.0,5.0,5.0,1.0,4.0,4.0,4.0,0.0,0.0,0.0,5.0,2.0,1.0,55284.0,5.0,0.0,3.059245790655991,0.3867636068434861,0.5990574941351063,5.1432329104726255,2.8413206472209036,3.6636804056169416,3.6636804056169416,3.6636804056169416,7.681145747868609,0.3112250584943438,2.189383536939757,0.46119204851113393,0.7477400655748178,0.7088748643977716,2.7877506833039516,0.0,0.0,0.0,0.0,6.0,2.5205795568798233,2.246915969916156
JTM0223,2010-07-22,7.0,5.0,5.0,2.0,1.0,2.0,1.0,1.0,0.0,1.0,1.0,4.0,3.0,0.0,0.0,0.0,0.0,7.0,6.0,3.0,170803.0,0.0,0.0,1.6197694939653497,0.8172560740408623,0.9774722962088757,6.0,6.0,6.0,6.0,6.0,0.0,0.2703797835425254,0.0,1.5569207497240678,1.6898799019651898,0.922844480830118,0.0,0.0,0.0,0.0,0.0,6.0,2.517687233786027,2.2448980700832744
LQC0479,2010-09-14,3.0,2.0,1.0,7.0,7.0,1.0,22.0,22.0,22.0,22.0,0.0,7.0,6.0,0.0,1.0,0.0,0.0,8.0,3.0,0.0,72356.0,0.0,0.0,6.0,0.6807456457050176,2.8304687374050737,6.0,6.0,6.0,6.0,6.0,6.0,0.4794637341319145,0.0,0.354454832703875,0.0,0.6353662154165962,0.0,0.0,1.4869811318424002,0.0,0.0,0.0,3.0907647261839055,2.242799874770306
PNH0761,2011-02-25,3.0,1.0,2.0,2.0,1.0,1.0,26.0,26.0,2.0,26.0,1.0,1.0,1.0,1.0,0.0,0.0,0.0,3.0,2.0,0.0,55108.0,0.0,0.0,3.7416573867739413,1.5671917492011092,2.086297373456821,6.0,4.110826059450976,2.9009691220351215,2.9009691220351215,2.9009691220351215,6.0,0.37625904845173036,3.34139917603513,1.9928282070956425,0.0,1.260154866762577,0.0,0.0,0.0,0.0,0.0,6.0,2.507505606528073,2.2377946092056327
DCH0843,2011-02-02,2.0,1.0,1.0,6.0,6.0,1.0,5.0,5.0,5.0,5.0,0.0,1.0,1.0,1.0,1.0,0.0,0.0,0.0,0.0,0.0,0.0,0.0,0.0,5.385164807134504,0.7071067811865476,1.8768665887449045,5.609987290056025,5.609987290056025,3.981202748775818,3.981202748775818,3.981202748775818,3.981202748775818,1.7061232619229028,3.5131019740280873,0.0,0.0,0.0,0.0,0.0,7.681145747868609,0.0,0.0,0.0,2.560290268313702,2.23282726556006
FMG0527,2011-01-07,2.0,0.0,1.0,5.0,5.0,1.0,12.0,12.0,12.0,12.0,0.0,1.0,1.0,0.0,0.0,0.0,0.0,1.0,0.0,0.0,0.0,0.0,0.0,0.0,0.7337993857053428,1.8230147011674753,7.157747890520173,7.157747890520173,7.9327609852827745,7.9327609852827745,7.9327609852827745,7.9327609852827745,0.44160656922467334,0.0,0.0,0.0,0.0,0.0,0.0,0.0,0.0,0.0,0.0,3.1833518102562883,2.22094312343462
JRG0207,2011-01-18,2.0,1.0,1.0,7.0,7.0,1.0,9.0,9.0,9.0,9.0,0.0,9.0,8.0,0.0,0.0,0.0,0.0,10.0,1.0,1.0,39484.0,0.0,0.0,6.0,0.7884298457197199,1.9915652218816402,6.0,6.0,6.0,6.0,6.0,6.0,1.1048031791016752,0.0,0.03361294698908866,1.0494489253974038,0.8620641374136865,0.0,0.0,0.0,0.0,0.0,0.0,3.1824099713722322,2.220286026538767
BLS0678,2010-09-17,3.0,1.0,1.0,2.0,2.0,1.0,5.0,5.0,5.0,5.0,0.0,2.0,2.0,0.0,0.0,0.0,0.0,4.0,2.0,2.0,36806.0,0.0,0.0,6.0,0.6287677132370126,1.3603968577159782,6.0,6.0,6.0,6.0,6.0,6.0,0.0,0.0,0.6291419329336506,1.3991985800231268,0.6848751785172571,0.0,0.0,0.0,0.0,0.0,0.0,3.1696493295367376,2.211383253165166
QJR0688,2011-05-07,2.0,2.0,2.0,3.0,3.0,1.0,6.0,6.0,6.0,6.0,0.0,9.0,7.0,9.0,0.0,0.0,0.0,6.0,4.0,2.0,98528.0,6.0,0.0,7.681145747868606,1.313736566633109,1.313736566633109,6.0,1.8359748186196432,1.1724735548191498,1.1609885697030367,1.1609885697030367,6.0,1.0986691322740103,10.0,1.437950592831144,2.0737956485030526,0.9233496925967621,6.387707798729766,0.0,0.0,0.0,0.0,0.0,3.148111913991413,2.1963571492963347
MAS0025,2010-09-22,2.0,1.0,1.0,5.0,5.0,1.0,16.0,16.0,16.0,16.0,0.0,11.0,5.0,0.0,0.0,0.0,0.0,6.0,6.0,0.0,193495.0,0.0,0.0,6.0,0.6807456457050176,1.938253041283898,6.0,6.0,6.0,6.0,6.0,6.0,0.5505331511920902,0.0,1.2224303662753904,0.0,0.8484991973399741,0.0,0.0,0.0,0.0,0.0,0.0,3.14349446052471,2.1931356701335187
BIH0745,2010-07-08,2.0,1.0,1.0,4.0,4.0,1.0,15.0,15.0,15.0,15.0,0.0,10.0,7.0,0.0,0.0,0.0,0.0,9.0,8.0,3.0,216094.0,0.0,0.0,5.385164807134504,0.6807456457050176,1.8015273925812858,6.281873003866545,6.281873003866545,5.667039969516199,5.667039969516199,5.667039969516199,5.667039969516199,0.5852923304716451,0.0,1.2830139950021362,1.218274602730488,0.8123372833976114,0.0,0.0,0.0,0.0,0.0,0.0,3.131985858732188,2.185106413068968
AJR0932,2010-09-10,3.0,2.0,1.0,9.0,9.0,1.0,24.0,24.0,24.0,24.0,0.0,4.0,4.0,0.0,0.0,0.0,0.0,3.0,2.0,0.0,41437.0,0.0,0.0,6.0,0.6287677132370129,2.8479478776029405,6.0,6.0,6.0,6.0,6.0,6.0,0.5790165508878268,0.0,0.5842650281600966,0.0,0.7476797879312004,0.0,0.0,0.0,0.0,0.0,0.0,3.1155590932950035,2.173645879043026
GCL0016,2010-02-28,2.0,2.0,1.0,1.0,1.0,1.0,5.0,5.0,5.0,5.0,0.0,10.0,8.0,10.0,0.0,0.0,0.0,5.0,4.0,0.0,102183.0,5.0,0.0,2.8603692063423107,0.36066454356746386,0.568432326305063,7.348469228349535,1.5651349370935856,4.5973564150904584,4.5973564150904584,4.5973564150904584,10.0,1.02526189312818,3.689570779464153,1.3246673015114914,0.0,0.8242135029674569,2.593341086987586,0.0,0.0,0.0,0.0,0.0,3.09803585190123,2.161420361791556
NGC0058,2011-03-05,1.0,1.0,1.0,1.0,1.0,1.0,8.0,8.0,8.0,8.0,0.0,4.0,4.0,4.0,0.0,0.0,0.0,5.0,2.0,1.0,66283.0,5.0,0.0,2.462144197547995,0.2502872845967829,0.2502872845967829,7.681145747868609,1.3655874099303693,6.161918653989428,6.161918653989428,6.161918653989428,6.0,0.3525424602635112,2.631520417876935,0.490100306973878,0.8154291088870965,0.7046399022996416,3.184255665253297,0.0,0.0,0.0,0.0,0.0,3.0977275101845145,2.161205239663615
KLH0596,2011-02-01,2.0,1.0,1.0,9.0,9.0,1.0,27.0,27.0,27.0,27.0,0.0,2.0,2.0,0.0,0.0,0.0,0.0,0.0,0.0,0.0,0.0,0.0,0.0,6.0,0.7337993857053428,1.9602140248191873,6.0,6.0,6.0,6.0,6.0,6.0,2.4199161539755933,0.0,0.0,0.0,0.0,0.0,0.0,0.0,0.0,0.0,0.0,3.08652515965473,2.1533896462707416
GCL0016,2010-08-29,2.0,2.0,1.0,3.0,3.0,1.0,3.0,3.0,3.0,3.0,0.0,2.0,2.0,2.0,0.0,0.0,0.0,6.0,0.0,0.0,0.0,6.0,0.0,5.3851648071345055,0.467024245261109,0.6829087168802266,10.0,4.417922892526209,3.656281122823182,3.656281122823182,3.656281122823182,6.0,0.0,3.086473422461353,0.0,0.0,0.0,5.197407438964367,0.0,0.0,0.0,0.0,0.0,3.0761733802134525,2.146167474567525
ILJ0526,2010-04-17,2.0,2.0,1.0,1.0,1.0,1.0,7.0,7.0,7.0,7.0,0.0,1.0,1.0,1.0,0.0,0.0,0.0,1.0,0.0,0.0,0.0,1.0,0.0,10.0,0.10790787294713393,0.48329522325794244,7.681145747868609,0.5681461395051879,1.452390597097155,1.452390597097155,1.452390597097155,10.0,0.27445816364045217,7.681145747868609,0.0,0.0,0.0,3.775478418443892,0.0,0.0,0.0,0.0,0.0,3.0754630523730566,2.1456718970044584
DCH0843,2011-01-27,2.0,1.0,1.0,6.0,6.0,1.0,9.0,9.0,9.0,9.0,0.0,1.0,1.0,0.0,0.0,0.0,0.0,0.0,0.0,0.0,0.0,0.0,0.0,6.0,0.7071067811865475,1.9479996341858585,6.0,6.0,6.0,6.0,6.0,6.0,1.7061232619229028,0.0,0.0,0.0,0.0,0.0,0.0,0.0,0.0,0.0,0.0,3.0551437991607613,2.1314956738330895
LIM0674,2011-04-30,2.0,2.0,1.0,2.0,2.0,1.0,1.0,1.0,1.0,1.0,0.0,8.0,6.0,8.0,0.0,0.0,0.0,7.0,0.0,0.0,0.0,7.0,0.0,10.0,0.31371798324049033,0.5336834800576438,10.0,2.0555695707650528,0.8941242952582993,0.8941242952582993,0.8941242952582993,3.775478418443892,0.9918641344789071,10.0,0.0,0.0,0.0,6.0,0.0,0.0,0.0,0.0,0.0,3.0509668026611467,2.128581490228707
EHB0824,2010-07-20,2.0,1.0,1.0,9.0,9.0,1.0,14.0,14.0,14.0,14.0,0.0,1.0,1.0,0.0,0.0,0.0,0.0,0.0,0.0,0.0,0.0,0.0,0.0,6.0,0.7071067811865475,1.9479996341858585,6.0,6.0,6.0,6.0,6.0,6.0,1.2523746080515532,0.0,0.0,0.0,0.0,0.0,0.0,0.0,0.0,0.0,0.0,3.0362376052494553,2.118305305987992
AHM0410,2010-05-22,2.0,2.0,1.0,1.0,1.0,1.0,7.0,7.0,7.0,7.0,0.0,4.0,4.0,4.0,0.0,0.0,0.0,4.0,2.0,1.0,80961.0,4.0,0.0,7.681145747868608,0.20161761044899795,0.5932957202395389,7.681145747868609,0.13410565077289566,0.7186603317847853,0.7133803672938314,0.7133803672938314,8.217171728183652,0.7176992932859773,6.886298716166534,0.7548207321301726,1.0332397302208784,0.9385887651786043,8.938489790494119,0.0,0.0,0.0,0.0,0.0,3.0327084504077617,2.1158431049356476
MCD0125,2010-03-27,3.0,3.0,2.0,1.0,1.0,1.0,13.0,13.0,13.0,13.0,1.0,2.0,2.0,2.0,0.0,0.0,0.0,4.0,1.0,0.0,33276.0,4.0,0.0,2.9392438285875313,1.3588751988783034,1.1110359165891361,7.681145747868609,1.375250421887959,2.0927089905989953,2.0927089905989953,2.0927089905989953,10.0,0.0,1.0439670837899224,0.0,0.0,0.4914134400854745,2.0003901387169027,0.0,0.0,0.0,0.0,6.0,2.3316595083870757,2.1151112849212157
EHD0584,2010-10-01,3.0,1.0,2.0,1.0,1.0,1.0,7.0,7.0,7.0,7.0,0.0,0.0,0.0,0.0,0.0,0.0,0.0,0.0,0.0,0.0,0.0,0.0,0.0,6.0,1.56719174920111,1.2325960860304526,6.0,6.0,6.0,6.0,6.0,6.0,0.0,0.0,0.0,0.0,0.0,0.0,0.0,0.0,0.0,0.0,0.0,3.009174489610817,2.0994240625191747
BJM0111,2011-03-06,2.0,2.0,1.0,8.0,8.0,1.0,21.0,21.0,21.0,21.0,1.0,1.0,1.0,1.0,0.0,0.0,0.0,1.0,1.0,0.0,21110.0,1.0,0.0,4.110826059450974,0.5516772843673703,1.56077410649673,8.689980151066836,0.6307230532178567,0.5997135852444319,0.5940747400286284,0.5940747400286284,7.370928982835861,0.3907885567140373,7.681145747868611,1.1038561466354084,0.0,1.3070584671878511,7.681145747868606,0.0,0.0,0.0,0.0,2.4621441975479947,2.7202555662398,2.0982598064793483
GHL0460,2010-11-03,2.0,1.0,1.0,4.0,4.0,1.0,22.0,22.0,22.0,22.0,0.0,0.0,0.0,0.0,0.0,0.0,0.0,0.0,0.0,0.0,0.0,0.0,0.0,6.0,0.6807456457050176,1.938253041283898,6.0,6.0,6.0,6.0,6.0,6.0,0.0,0.0,0.0,0.0,0.0,0.0,0.0,0.0,0.0,0.0,0.0,2.9824936083173483,2.0808094941748942
AAM0658,2010-10-21,2.0,1.0,1.0,3.0,3.0,1.0,11.0,11.0,11.0,11.0,0.0,0.0,0.0,0.0,0.0,0.0,0.0,0.0,0.0,0.0,0.0,0.0,0.0,6.0,0.6546536707079771,1.931146498453386,6.0,6.0,6.0,6.0,6.0,6.0,0.0,0.0,0.0,0.0,0.0,0.0,0.0,0.0,0.0,0.0,0.0,2.9810113459967336,2.0797753576721396
RUM0880,2011-03-01,3.0,1.0,1.0,2.0,2.0,1.0,10.0,10.0,10.0,10.0,1.0,5.0,5.0,2.0,0.0,0.0,0.0,9.0,8.0,3.0,220521.0,0.0,0.0,3.0,0.5735008860099758,1.2512624651454056,10.0,0.6530684422913958,1.1561184906741788,1.1431114287561017,1.1431114287561017,8.004477864067892,0.4027513216389891,5.20187651435287,1.3335054091227854,1.1802853075947293,0.8404603925598649,0.0,0.0,0.0,0.0,0.0,4.358898943540673,2.4680456715953096,2.0766864290756195
ATP0662,2011-01-15,1.0,1.0,1.0,1.0,1.0,1.0,6.0,6.0,6.0,6.0,0.0,7.0,7.0,7.0,0.0,1.0,0.0,10.0,7.0,3.0,217831.0,10.0,0.0,2.1154143423701632,0.5516772843673704,0.0,7.681145747868609,0.5026118907935698,1.435278608599041,1.4352786085990403,1.4352786085990403,10.0,0.6980305922660613,4.106876607799501,1.3513284632341576,1.4588762041757182,0.7838922926408368,5.3752731715848725,0.0,0.0,3.1488638494023524,0.0,0.0,2.605474464347792,2.074075753566093
BBS0422,2010-04-24,1.0,1.0,1.0,2.0,2.0,1.0,6.0,6.0,6.0,6.0,0.0,3.0,3.0,3.0,0.0,0.0,0.0,6.0,4.0,2.0,94631.0,6.0,0.0,1.6948679657847834,0.30678774081345733,0.12418639850002003,10.0,2.6239179326569846,2.90242311642556,2.6432732897252156,2.6432732897252156,9.31419864376122,0.0909691291396368,2.3221639408664565,1.7259808201247817,2.0429245772833986,0.9747947023951526,3.936999220129489,0.0,0.0,0.0,0.0,0.0,2.9714141987522846,2.0730796735481056
MAR0955,2011-02-05,1.0,1.0,1.0,5.0,5.0,1.0,24.0,24.0,24.0,24.0,0.0,0.0,0.0,0.0,0.0,0.0,0.0,0.0,0.0,0.0,0.0,0.0,0.0,6.0,0.6807456457050176,0.6807456457050176,6.0,6.0,6.0,6.0,6.0,6.0,0.0,0.0,0.0,0.0,0.0,0.0,0.0,0.0,0.0,0.0,0.0,2.951055923427876,2.0588762256473556
QJR0688,2010-11-28,1.0,1.0,1.0,2.0,2.0,1.0,10.0,10.0,10.0,10.0,0.0,9.0,7.0,9.0,0.0,0.0,0.0,6.0,3.0,2.0,102939.0,6.0,0.0,6.0,0.20582228910848957,0.20582228910848957,6.0,1.3983721817086472,1.9029395976519718,1.8927361526759452,1.8927361526759452,6.0,1.2264474358716853,10.0,0.682482872392198,1.3593620290529833,0.7740551839033493,6.26557096702726,0.0,0.0,0.0,0.0,0.0,2.9480955437538845,2.0568108444794544
IBS0836,2010-05-08,2.0,2.0,1.0,2.0,2.0,1.0,4.0,4.0,4.0,4.0,0.0,0.0,0.0,0.0,0.0,0.0,0.0,1.0,1.0,1.0,46663.0,1.0,0.0,3.4801780279200445,0.462095088906848,0.6649524416687713,8.643909088903776,1.3994161683529782,1.5210679111136953,1.5210679111136953,1.5210679111136953,6.549685389571685,0.0,0.0,2.3804761428476158,5.385164807134504,2.502421902782227,6.0,0.0,0.0,0.0,0.0,0.0,2.9372170411834237,2.049221191523319
FOB0756,2010-05-02,2.0,2.0,1.0,1.0,1.0,1.0,5.0,5.0,5.0,5.0,0.0,0.0,0.0,0.0,0.0,0.0,0.0,2.0,1.0,0.0,23246.0,2.0,0.0,2.7130440346793465,0.0,0.3266124817096891,7.681145747868596,2.3062221189732455,5.864801005088242,5.864801005088242,5.864801005088242,6.0,0.0,0.0,0.8053505403802271,0.0,1.0158603339043706,3.8543443854479693,0.0,0.0,0.0,0.0,0.0,2.9360600265480024,2.048413972010234
RAB0589,2010-09-11,1.0,1.0,1.0,2.0,2.0,1.0,2.0,2.0,2.0,2.0,0.0,0.0,0.0,0.0,0.0,0.0,0.0,0.0,0.0,0.0,0.0,0.0,0.0,6.0,0.31663249529185766,0.0,6.0,6.0,6.0,6.0,6.0,6.0,0.0,0.0,0.0,0.0,0.0,0.0,0.0,0.0,0.0,0.0,0.0,2.915831624764593,2.0343011335566925
HRB0351,2010-08-29,1.0,1.0,1.0,1.0,1.0,1.0,27.0,27.0,27.0,27.0,0.0,10.0,8.0,10.0,4.0,0.0,0.0,10.0,6.0,2.0,176194.0,10.0,0.0,3.148863849402353,0.5516772843673703,0.0,7.681145747868611,1.4483977544642848,1.8684655907850076,1.7964998691767535,1.7964998691767535,8.419251966245694,0.636184036127232,3.8666737690526305,1.0578977551742756,2.106819427861661,0.6998101333761134,4.06805723928714,0.0,3.0598494092904356,0.0,0.0,0.0,2.6532787228795187,2.029022911851434
QJR0688,2011-01-01,1.0,1.0,1.0,3.0,3.0,1.0,2.0,2.0,2.0,2.0,0.0,4.0,4.0,4.0,0.0,1.0,0.0,8.0,2.0,1.0,43401.0,8.0,0.0,7.681145747868609,0.24457552183777506,0.24457552183777506,9.726617991763288,2.160893557166222,0.5316641946979442,0.5316641946979441,0.5316641946979441,3.4486280392257824,0.5657646065486808,4.88044627937004,0.281030415880381,0.7566293640068019,0.5751503925028063,6.43262912838349,0.0,0.0,2.6464998582765658,0.0,0.0,2.5954808356989565,2.0262133622078298
MPT0376,2010-05-08,2.0,2.0,1.0,2.0,2.0,1.0,8.0,8.0,8.0,8.0,0.0,3.0,3.0,3.0,0.0,0.0,0.0,4.0,1.0,1.0,14677.0,4.0,0.0,5.385164807134503,0.28628780395992115,0.5935466705603163,8.643909088903774,1.3080062343051035,1.4053566383961524,1.4053566383961524,1.4053566383961524,9.683143040043614,0.46911744019658147,6.85866146659842,0.0,0.8609473719015035,0.5321032632197041,4.636606301170141,0.0,0.0,0.0,0.0,0.0,2.8934086773671623,2.018657216767788
FOB0756,2010-06-13,2.0,2.0,1.0,1.0,1.0,1.0,4.0,4.0,4.0,4.0,1.0,1.0,1.0,1.0,0.0,0.0,0.0,3.0,2.0,0.0,51952.0,3.0,0.0,2.0449509572706344,0.0,0.225105576293155,5.385164807134499,1.4981983744919827,2.8057676789365162,2.8057676789365162,2.8057676789365162,6.886298716166534,0.03185970553829753,1.8852458202715405,1.6572050209373157,0.0,1.1254988444957834,3.1608494343601077,0.0,0.0,0.0,0.0,6.0,2.1808926519293883,2.0099251059972474
NGC0058,2010-08-01,1.0,1.0,1.0,1.0,1.0,1.0,9.0,9.0,9.0,9.0,0.0,9.0,7.0,9.0,2.0,0.0,0.0,4.0,3.0,0.0,73318.0,4.0,0.0,2.4621441975479956,0.3057717924111908,0.3057717924111908,2.759762678953188,1.252735860594505,4.693224760633305,4.693224760633305,4.693224760633305,7.912093077448224,1.20799784684908,3.8073639444541847,1.0667218989310157,0.0,0.7430093260872603,2.343502745460032,0.0,4.2703185294294,0.0,0.0,0.0,2.5227132159084937,2.008306809321589
NGF0157,2010-05-02,3.0,3.0,1.0,1.0,1.0,1.0,8.0,8.0,8.0,8.0,0.0,6.0,5.0,6.0,0.0,0.0,0.0,5.0,5.0,2.0,162791.0,5.0,0.0,2.4696018284367,0.4532924978722177,1.1644136489799721,7.681145747868609,1.4171086570034948,2.515297072972448,2.515297072972448,2.515297072972448,10.0,0.8350963609791697,4.428982814728354,1.3663501747220703,1.6011031741725203,0.7791060864769462,3.6500518846691326,0.0,0.0,0.0,0.0,0.0,2.8717583504593507,2.0035523375297797
RSC0089,2010-06-13,2.0,2.0,1.0,9.0,9.0,1.0,3.0,3.0,3.0,3.0,1.0,4.0,4.0,4.0,0.0,0.0,0.0,3.0,2.0,0.0,45331.0,3.0,0.0,3.1958338432406843,0.2106807166581989,0.4461067621055628,4.805036375503386,0.7137057312701193,0.9958466831131697,0.9958466831131696,0.9958466831131696,7.681145747868609,0.41331478117749365,4.511816802551189,0.44139817617275234,0.0,0.6554553978089458,4.124510433672551,0.0,0.0,0.0,0.0,7.681145747868609,1.9622206279813483,1.9942006734181528
MGS0974,2010-11-20,1.0,1.0,1.0,2.0,2.0,1.0,2.0,2.0,2.0,2.0,0.0,12.0,12.0,12.0,0.0,0.0,0.0,3.0,2.0,1.0,48294.0,3.0,0.0,3.513101974028087,0.3328119901205619,0.3328119901205619,10.0,2.6993573877681847,2.442615639078041,2.442615639078041,2.442615639078041,6.0,1.635423266247873,7.467895713422373,0.27915596721820213,0.5371067277407524,0.5232485129223392,2.8949105867070726,0.0,0.0,0.0,0.0,0.0,2.85480017557513,1.9917210527268348
ILJ0526,2010-05-22,3.0,3.0,2.0,2.0,2.0,1.0,3.0,3.0,3.0,3.0,0.0,2.0,1.0,2.0,0.0,0.0,0.0,2.0,1.0,0.0,42558.0,2.0,0.0,8.219803746721155,1.17425080947992,1.098114542030489,8.643909088903776,1.4336373744743813,0.5929634776339736,0.5929634776339736,0.5929634776339736,4.800114153893733,0.386678791069891,8.643909088903776,0.8973246008217256,0.0,1.2334980736093686,5.398865721215258,0.0,0.0,0.0,0.0,0.0,2.8480509516521955,1.987012291850369
ILJ0526,2010-11-06,2.0,2.0,1.0,1.0,1.0,1.0,4.0,4.0,4.0,4.0,0.0,1.0,1.0,1.0,0.0,0.0,0.0,1.0,1.0,1.0,34862.0,1.0,0.0,7.681145747868608,0.07464299714576689,0.4947396086989475,7.681145747868609,0.5549981737291443,0.9474515194781806,0.9474515194781806,0.9474515194781806,6.0,0.37522584722164376,6.0,0.7803366544991469,2.1105794120443453,1.0830454404937264,6.0,0.0,0.0,0.0,0.0,0.0,2.835814200701563,1.9784750237452766
JRG0207,2011-01-28,2.0,1.0,1.0,7.0,7.0,1.0,8.0,8.0,8.0,8.0,0.0,6.0,6.0,4.0,0.0,0.0,0.0,5.0,1.0,0.0,18706.0,0.0,0.0,4.358898943540673,0.6807456457050175,1.684074159188166,5.10316113023357,5.10316113023357,5.021398587660975,5.021398587660975,5.021398587660975,5.021398587660975,0.7163369249441363,5.950964260172903,0.0,0.0,0.6497190754203744,0.0,0.0,0.0,0.0,0.0,0.0,2.8281893031672136,1.9731553277910792
RAW0915,2011-05-07,2.0,2.0,1.0,2.0,2.0,1.0,4.0,4.0,4.0,4.0,0.0,6.0,4.0,6.0,0.0,0.0,0.0,3.0,3.0,0.0,77571.0,3.0,0.0,6.47648694628682,0.4416153267020631,0.6569220149291267,8.643909088903802,1.469458710061023,1.9210825463539432,1.8743469562085788,1.8743469562085788,8.938489790494119,0.38908719825327115,3.602595422781026,0.945491222779078,0.0,0.7287534801347825,3.1266417455654003,0.0,0.0,0.0,0.0,0.0,2.8192692272434745,1.9669320190070754
ILJ0526,2011-01-30,2.0,2.0,1.0,2.0,2.0,1.0,9.0,9.0,9.0,9.0,0.0,4.0,3.0,4.0,4.0,0.0,0.0,1.0,1.0,0.0,33145.0,1.0,0.0,3.4067376187320866,0.10310087032812347,0.41166394170525344,7.042890971334735,1.7284218048350923,1.661751071552223,1.661751071552223,1.661751071552223,5.680308879676576,1.4367686469395575,6.499526171170689,0.8287555768268663,0.0,1.1608631308079005,3.0098739160994423,0.0,5.588650314503824,0.0,0.0,0.0,2.3505730207021682,1.964856195519177
ILJ0526,2010-08-01,2.0,2.0,1.0,3.0,3.0,1.0,6.0,6.0,6.0,6.0,1.0,1.0,1.0,1.0,0.0,0.0,0.0,1.0,1.0,1.0,44556.0,1.0,0.0,3.7465809702119137,0.11256042768590536,0.4681383270273131,5.224841862916521,1.8359748186196423,1.083813700427398,1.083813700427398,1.083813700427398,3.4948548059002826,0.3396120384877599,4.358898943540673,0.5955821039701343,2.0541778429027953,1.0051536122124307,2.2678923556245416,0.0,0.0,0.0,0.0,7.681145747868609,1.917353099643279,1.962897746670663
JGT0221,2010-07-15,7.0,3.0,6.0,2.0,0.0,2.0,1.0,1.0,0.0,1.0,1.0,6.0,6.0,1.0,0.0,0.0,0.0,7.0,3.0,0.0,114175.0,0.0,0.0,0.8750485837252688,0.9930436940872016,1.1569257374007058,0.0,6.0,6.0,6.0,6.0,0.0,0.9760634433727342,6.0,0.8252623639451294,0.0,0.9137648744006611,0.0,0.0,0.0,0.0,0.0,6.0,2.1081005028134,1.9591398856837676
QJR0688,2011-03-06,1.0,1.0,1.0,1.0,1.0,1.0,4.0,4.0,4.0,4.0,0.0,5.0,4.0,5.0,0.0,1.0,0.0,2.0,0.0,0.0,0.0,2.0,0.0,7.681145747868607,0.28915258842983027,0.28915258842983027,4.798214540391232,0.15135570518201907,0.8097946939079393,0.8097946939079393,0.8097946939079393,8.938489790494122,0.560912357175776,7.681145747868608,0.0,0.0,0.0,4.755506100046394,0.0,0.0,2.751622897751174,0.0,0.0,2.4832371019843604,1.956460307015347
AHM0410,2011-04-23,2.0,2.0,1.0,2.0,2.0,1.0,9.0,9.0,9.0,9.0,0.0,5.0,5.0,5.0,0.0,1.0,0.0,5.0,4.0,1.0,113815.0,5.0,0.0,6.0,0.35925368574042427,0.6003392874314978,6.0,1.3485648206202654,1.0834242804623142,0.9808240837586484,0.9808240837586484,6.0,0.8988850030208709,6.0,1.705168259741595,1.169407600383748,1.0820259546873023,6.0,0.0,0.0,1.5328126314415589,0.0,0.0,2.623122357709727,1.954849184682262
NGC0058,2010-12-12,1.0,1.0,1.0,1.0,1.0,1.0,6.0,6.0,6.0,6.0,0.0,4.0,4.0,4.0,2.0,0.0,0.0,6.0,3.0,0.0,72888.0,6.0,0.0,1.86594564605961,0.12959106310937876,0.12959106310937876,3.148863849402352,1.3950998241634909,4.781586130776056,4.781586130776056,4.781586130776056,9.698340489052306,0.4211967455401212,2.2121298686283715,1.165738052841454,0.0,0.8237528354998843,2.7778635912894303,0.0,2.9342754330939758,0.0,0.0,0.0,2.556372072714933,1.9541128084693704
GCL0016,2010-05-30,2.0,2.0,1.0,1.0,1.0,1.0,4.0,4.0,4.0,4.0,0.0,5.0,4.0,5.0,0.0,0.0,0.0,5.0,5.0,0.0,155671.0,5.0,0.0,3.5560359302367726,0.42050218319619176,0.6562573870678142,6.0,1.464502055359258,4.7677533783328805,4.7677533783328805,4.7677533783328805,6.0,0.3069669433656638,3.151200069764846,1.3840743238856101,0.0,0.7673849484621762,3.4049533178507434,0.0,0.0,0.0,0.0,0.0,2.7996264153512036,1.9532277316403746
MCF0600,2010-09-20,4.0,2.0,2.0,10.0,10.0,1.0,27.0,27.0,27.0,27.0,0.0,0.0,0.0,0.0,0.0,0.0,0.0,0.0,0.0,0.0,0.0,0.0,0.0,3.3294882766697014,1.1411142291029894,2.5764727847253663,6.0,6.0,6.0,6.0,6.0,6.0,0.0,0.0,0.0,0.0,0.0,0.0,0.0,0.0,0.0,0.0,0.0,2.7989248874624253,1.9527382935784365
TDS0984,2011-01-30,2.0,2.0,1.0,1.0,1.0,1.0,24.0,24.0,24.0,24.0,0.0,3.0,3.0,3.0,1.0,1.0,0.0,5.0,4.0,1.0,108483.0,5.0,0.0,2.999999999999999,0.3057479021904817,0.547860548575906,7.681145747868609,1.5052818548334264,1.8353502767636878,1.8353502767636878,1.8353502767636878,7.681145747868608,0.16912073796958324,2.01256836049841,1.263875774311868,1.8305061533231743,0.8116096813253162,3.3307711503663966,0.0,1.6081458680094602,1.86946973715134,0.0,0.0,2.4441126089088425,1.950857837612061
TAP0551,2010-10-29,4.0,2.0,1.0,1.0,1.0,1.0,0.0,0.0,0.0,0.0,0.0,6.0,6.0,2.0,1.0,1.0,0.0,6.0,2.0,1.0,53249.0,0.0,0.0,7.042890971334735,0.4978650175429652,1.8170602724364944,5.385164807134504,5.385164807134504,0.0,0.0,0.0,0.0,0.876465173146504,10.0,0.4394331482503139,0.7411153390464327,0.7333299325110773,0.0,0.0,1.4824302080425578,6.0,0.0,0.0,1.9619597653173806,1.9433690344099492
THR0873,2010-12-21,2.0,1.0,1.0,7.0,2.0,1.0,25.0,25.0,14.0,25.0,0.0,6.0,5.0,1.0,0.0,0.0,0.0,10.0,4.0,3.0,95801.0,0.0,0.0,5.385164807134504,0.6324338789345384,1.693742313349661,10.0,0.5982759898480458,0.7391399024765194,0.7298758505320231,0.7298758505320231,10.0,0.386030023459846,6.0,0.8952724235341624,1.8411676226747726,0.7857822910915526,0.0,0.0,0.0,0.0,0.0,0.0,2.783477626220847,1.9419611345726842
CAH0936,2010-08-20,3.0,1.0,1.0,1.0,1.0,1.0,10.0,10.0,10.0,10.0,0.0,11.0,10.0,4.0,0.0,2.0,0.0,6.0,1.0,1.0,37779.0,0.0,0.0,3.1488638494023515,0.38342927194342735,1.0422768244469287,1.9282469230624102,1.8120087536924674,4.598376966760804,4.410738482095485,4.410738482095485,4.505387402138525,1.5372153016401142,8.452283162800335,0.0,0.701650800814062,0.6421867313669267,0.0,0.0,0.0,3.321319459121186,0.0,0.0,2.3945797060450227,1.9409769601924378
NGC0058,2010-03-07,1.0,1.0,1.0,1.0,1.0,1.0,5.0,5.0,5.0,5.0,0.0,4.0,3.0,4.0,1.0,0.0,0.0,5.0,2.0,1.0,70354.0,5.0,0.0,2.3062221189732472,0.3091854417793345,0.3091854417793345,7.68114574786861,1.530625435119151,3.9335460230294363,3.9335460230294363,3.9335460230294363,6.0,0.06834000114072472,2.433656633872412,0.8001661099448804,1.0332397302208784,0.7779881352728892,2.8343420970730673,0.0,1.86594564605961,0.0,0.0,0.0,2.616319746991683,1.9338245703465007
GCL0016,2011-03-20,2.0,2.0,1.0,1.0,1.0,1.0,5.0,5.0,5.0,5.0,0.0,3.0,2.0,3.0,0.0,0.0,0.0,9.0,1.0,1.0,47584.0,9.0,0.0,4.08192235062035,0.48831282484035815,0.6056241695511958,6.0,2.23606797749979,4.609603494445677,4.609603494445675,4.609603494445675,6.0,0.0,2.3533926702412313,0.0,0.5066716142440569,0.4941786117243391,4.5167815051016635,0.0,0.0,0.0,0.0,0.0,2.7716760484814884,1.9337274756847593
DMK0257,2010-06-28,2.0,1.0,1.0,2.0,2.0,1.0,9.0,9.0,9.0,9.0,1.0,5.0,5.0,3.0,0.0,0.0,0.0,4.0,0.0,0.0,0.0,0.0,0.0,2.7516228977511736,0.542080109054831,0.66756578548149,6.0,0.567091139154447,1.4709073659528025,1.458176034458634,1.458176034458634,6.0,0.8451919238091249,6.558260278423983,0.0,0.0,0.0,0.0,0.0,0.0,0.0,0.0,7.681145747868606,1.8725509030944611,1.9316404002412548
NGF0157,2010-12-26,2.0,2.0,1.0,1.0,1.0,1.0,4.0,4.0,4.0,4.0,0.0,8.0,6.0,8.0,0.0,0.0,0.0,5.0,3.0,0.0,109071.0,5.0,0.0,1.8974468467454957,0.5142286204344889,0.5529321354747307,6.0,2.0655107938812756,4.890783589944404,4.890783589944405,4.890783589944405,6.0,0.9511223548105598,4.104168136236038,0.9637513839643818,0.0,0.8246655889641105,3.420302100570404,0.0,0.0,0.0,0.0,0.0,2.761256850740709,1.9264582679586342
BBS0039,2010-08-12,4.0,1.0,3.0,2.0,1.0,2.0,1.0,1.0,0.0,1.0,1.0,6.0,5.0,0.0,0.0,0.0,0.0,6.0,0.0,0.0,0.0,0.0,0.0,0.0,0.32859991090192314,0.6142688970193013,6.0,6.0,6.0,6.0,6.0,0.0,0.6704083398205192,0.0,0.0,0.0,0.0,0.0,0.0,0.0,0.0,0.0,6.0,2.059720398796433,1.9253863247416976
FOB0756,2011-03-06,2.0,2.0,1.0,1.0,1.0,1.0,4.0,4.0,4.0,4.0,0.0,1.0,1.0,1.0,0.0,0.0,0.0,3.0,1.0,1.0,23381.0,3.0,0.0,1.870795239526733,0.0,0.20584425425829908,5.385164807134504,1.3449572910732008,4.0971925534057165,4.0971925534057165,4.0971925534057165,10.0,0.025413254585430596,1.473722134935288,0.5026118907935694,1.5662665910264906,0.895118293586221,4.6124569012452215,0.0,0.0,0.0,0.0,0.0,2.7381051388128514,1.9103059107996638
SBH0537,2011-02-26,2.0,2.0,1.0,2.0,2.0,1.0,7.0,7.0,7.0,7.0,0.0,7.0,6.0,7.0,0.0,0.0,0.0,4.0,4.0,3.0,107252.0,4.0,0.0,4.081922350620349,0.525923706140778,0.727270322026023,6.0,2.907787720369902,3.459884745332372,3.459884745332373,3.459884745332373,6.0,0.5509858753926786,3.8505310765492173,0.5862724134272926,2.0182102948401908,0.6140744575343863,2.860698264633545,0.0,0.0,0.0,0.0,0.0,2.7379326192450235,1.9101855483104815
ILJ0526,2010-06-13,3.0,3.0,2.0,3.0,3.0,1.0,7.0,7.0,7.0,7.0,0.0,1.0,1.0,1.0,0.0,0.0,0.0,3.0,2.0,0.0,57974.0,3.0,0.0,5.061371105855483,1.1448021129456822,1.0801586536099927,8.219803746721155,1.9371511785192763,1.3956770477279692,1.3956770477279692,1.3956770477279692,6.36890209590984,0.5038741666516705,4.019419917637095,1.5676409864258822,0.0,1.1514895113353558,6.24455405884745,0.0,0.0,0.0,0.0,0.0,2.698039338006742,1.8823530265163315
JMD0520,2010-10-28,3.0,1.0,1.0,3.0,2.0,1.0,13.0,13.0,12.0,13.0,0.0,2.0,2.0,1.0,0.0,0.0,0.0,1.0,0.0,0.0,0.0,0.0,0.0,5.385164807134505,0.46193386979476253,1.212743199226663,8.643909088903776,1.3428832645361448,1.5439573261419832,1.4888402921458626,1.4888402921458626,10.0,0.9977686107127534,7.681145747868609,0.0,0.0,0.0,0.0,0.0,0.0,0.0,0.0,0.0,2.6885775703957457,1.8757517932993577
NGC0058,2010-10-02,1.0,1.0,1.0,1.0,1.0,1.0,5.0,5.0,5.0,5.0,0.0,6.0,5.0,6.0,1.0,0.0,0.0,6.0,0.0,0.0,0.0,6.0,0.0,1.723383702012536,0.08108461806223682,0.08108461806223682,5.385164807134504,1.154634652352497,4.15316448314169,4.15316448314169,4.15316448314169,10.0,0.7159732711736215,2.6376129767746637,0.0,0.0,0.0,2.8079907503679276,0.0,2.189297662728717,0.0,0.0,0.0,2.5055795878654004,1.87536353006474
HRB0351,2010-05-30,2.0,2.0,2.0,1.0,1.0,1.0,27.0,27.0,27.0,27.0,0.0,10.0,10.0,10.0,3.0,1.0,0.0,9.0,7.0,0.0,222724.0,9.0,0.0,3.0027292990780086,1.5794117816458284,0.5706424618344736,4.798214540391232,1.5936454875783996,1.924431394592944,1.924431394592944,1.924431394592944,9.25777561903392,0.8096460157850109,3.073735291499926,1.3368689689861517,0.0,0.7495380784199059,3.3323855225061156,0.0,2.9361010975735176,1.0249551540650874,0.0,0.0,2.323717091452351,1.87532810527284
ATP0662,2010-05-08,2.0,2.0,1.0,3.0,3.0,1.0,2.0,2.0,2.0,2.0,0.0,14.0,11.0,14.0,2.0,0.0,0.0,7.0,4.0,2.0,114433.0,7.0,0.0,3.683792514472883,0.4378648158727066,0.5900554719725798,6.0,2.10724948478888,0.26881206753476056,0.26881206753476056,0.26881206753476056,6.0,1.2174294586259573,7.7897798194628125,0.7601233519789213,0.7934380099824462,0.7126049246773836,6.50216664645249,0.0,4.573807287913576,0.0,0.0,0.0,2.3017368712719883,1.8717819618126417
GCL0016,2010-02-21,1.0,1.0,1.0,1.0,1.0,1.0,2.0,2.0,2.0,2.0,0.0,6.0,6.0,6.0,0.0,1.0,0.0,4.0,3.0,2.0,125369.0,4.0,0.0,1.612719263492134,0.35498302005060045,0.0,6.0,1.5636706007426457,3.87978093944526,3.87978093944526,3.87978093944526,6.0,0.710971362757432,3.0204951002874787,1.0195542889545983,1.7774848536273458,0.8837292219694396,2.274768410492659,0.0,0.0,1.4190095519414239,0.0,0.0,2.51428026738255,1.8696498012388718
QJR0688,2011-02-26,1.0,1.0,1.0,2.0,2.0,1.0,3.0,3.0,3.0,3.0,0.0,5.0,3.0,5.0,0.0,0.0,0.0,4.0,0.0,0.0,0.0,4.0,0.0,7.681145747868607,0.2672379794469516,0.2672379794469516,6.060147346449095,0.9946099732650738,0.5947788043139025,0.5947788043139024,0.5947788043139024,9.726617991763291,0.1948606131049823,8.566035239185544,0.0,0.0,0.0,5.319226934027345,0.0,0.0,0.0,0.0,0.0,2.6779965133527495,1.8683696604786626
BBS0422,2010-07-04,1.0,1.0,1.0,1.0,1.0,1.0,5.0,5.0,5.0,5.0,0.0,7.0,7.0,7.0,0.0,1.0,0.0,5.0,1.0,0.0,23478.0,5.0,0.0,2.171821818629242,0.33785079735407286,0.2545433226679887,7.681145747868609,1.2467206758651597,1.775105947131091,1.7751059471310917,1.7751059471310917,10.0,1.1157057974428737,5.0782355985339835,0.1198806578313702,0.0,0.7084545876086411,4.040847135235479,0.0,0.0,1.5688315364561596,0.0,0.0,2.4948312924943927,1.86827556168438
MAS0025,2010-10-01,2.0,1.0,1.0,5.0,5.0,1.0,19.0,19.0,19.0,19.0,0.0,8.0,6.0,0.0,0.0,0.0,0.0,6.0,4.0,0.0,97253.0,0.0,0.0,3.7416573867739413,0.6287677132370129,1.6705151813953336,5.250185226689782,5.250185226689782,5.489287380670623,5.489287380670623,5.489287380670623,5.489287380670623,0.6774584427588688,0.0,0.7562402614814602,0.0,0.67108695123398,0.0,0.0,0.0,0.0,0.0,0.0,2.6762083310276954,1.8671220914146713
MPT0376,2011-02-19,2.0,2.0,1.0,2.0,2.0,1.0,4.0,4.0,4.0,4.0,0.0,4.0,4.0,4.0,1.0,0.0,0.0,4.0,3.0,2.0,104854.0,4.0,0.0,5.385164807134505,0.38342927194342746,0.661208830807069,6.476486946286815,1.1504169377992568,1.052179307853272,1.0178369589644156,1.0178369589644156,5.915596890002472,0.5036538557488586,4.421893314919438,1.244343030381969,2.0151591383435705,0.8822219461504673,6.320729793257716,0.0,1.3752504218879595,0.0,0.0,0.0,2.549248628921108,1.8585019749384453
KKW0879,2010-08-01,1.0,1.0,1.0,9.0,9.0,1.0,7.0,7.0,7.0,7.0,0.0,6.0,5.0,6.0,0.0,1.0,0.0,4.0,1.0,0.0,23800.0,4.0,0.0,3.1488638494023515,0.33347930134469883,0.26723797944695143,5.154735447901012,0.632989160350481,1.0754100858714446,1.0698219256307238,1.0698219256307238,5.429310678720442,0.288918567471318,4.215105000067489,0.0,0.0,0.4340251482236081,3.7006835475346627,0.0,0.0,7.681145747868609,0.0,0.0,1.7675846200761285,1.8584081097633485
JDF0593,2010-06-05,3.0,3.0,2.0,9.0,9.0,1.0,5.0,5.0,5.0,5.0,0.0,0.0,0.0,0.0,0.0,0.0,0.0,1.0,1.0,0.0,19991.0,1.0,0.0,4.548371448967878,1.4238653490311879,1.02914056240536,6.169314420027728,0.6156544064712655,2.427602071459191,2.427602071459191,2.427602071459191,6.0,0.0,0.0,2.549509756796392,0.0,2.443131893265478,7.68114574786861,0.0,0.0,0.0,0.0,0.0,2.6534645970240827,1.851254370016802
BBS0422,2010-08-14,1.0,1.0,1.0,2.0,2.0,1.0,7.0,7.0,7.0,7.0,0.0,5.0,4.0,5.0,0.0,1.0,0.0,4.0,2.0,0.0,57196.0,4.0,0.0,1.8564249667492765,0.37211305114070714,0.20006925729645417,8.643909088903776,2.7563023004553444,2.497495035486604,2.4974950354866055,2.4974950354866055,7.607060097384738,0.3905752005771778,3.1719138397700783,0.6787381557786756,0.0,0.7372405655216967,2.925801290497051,0.0,0.0,1.6617036612020406,0.0,0.0,2.454331534114223,1.84757927529381
NGF0157,2010-07-11,2.0,2.0,1.0,2.0,2.0,1.0,3.0,3.0,3.0,3.0,0.0,3.0,2.0,3.0,0.0,0.0,0.0,5.0,4.0,3.0,106992.0,5.0,0.0,1.7331567730306463,0.3721130511407071,0.49616367919321036,10.0,2.623917932656985,2.527297588355707,2.527297588355707,2.527297588355707,6.0,0.0,2.2866842737205957,1.2556791330444972,2.478352027465923,0.800656637653607,2.9047455926683834,0.0,0.0,0.0,0.0,0.0,2.6470077645098717,1.8467496031464221
WDD0366,2011-02-22,4.0,2.0,2.0,2.0,2.0,1.0,2.0,2.0,2.0,2.0,0.0,3.0,3.0,0.0,1.0,0.0,0.0,3.0,2.0,0.0,56456.0,0.0,0.0,0.638392984859205,0.06355092297648376,0.5435680910816698,6.0,6.0,6.0,6.0,6.0,6.0,0.20214780214521358,0.0,0.36131657890724594,0.0,0.6874521762159889,0.0,0.0,1.1229338573213932,0.0,0.0,0.0,2.548306905928399,1.8431753911896618
PPF0435,2011-02-02,2.0,1.0,1.0,9.0,9.0,1.0,0.0,0.0,0.0,0.0,0.0,10.0,9.0,4.0,3.0,0.0,0.0,8.0,0.0,0.0,0.0,0.0,0.0,7.681145747868609,0.7337993857053429,1.8888489005454696,8.055712033045515,8.055712033045515,0.0,0.0,0.0,0.0,1.4997589925385437,8.938489790494119,0.0,0.0,0.0,0.0,0.0,5.619258072641534,0.0,0.0,0.0,2.1732541888570767,1.8429249034259565
PPF0435,2011-02-04,2.0,0.0,1.0,9.0,9.0,1.0,1.0,1.0,1.0,1.0,0.0,4.0,3.0,2.0,0.0,0.0,0.0,1.0,0.0,0.0,0.0,0.0,0.0,0.0,0.6807456457050176,1.8015273925812858,5.514039971651477,5.514039971651477,6.0,6.0,6.0,6.0,0.31791402200004804,3.8891157265357585,0.0,0.0,0.0,0.0,0.0,0.0,0.0,0.0,0.0,2.630082334369245,1.8349411635134267
HJB0742,2010-11-23,2.0,1.0,1.0,1.0,1.0,1.0,2.0,2.0,2.0,2.0,0.0,7.0,6.0,0.0,0.0,0.0,0.0,5.0,0.0,0.0,0.0,0.0,0.0,5.385164807134504,0.4597827888457571,0.7527622587910607,3.34139917603513,3.34139917603513,6.060147346449095,6.060147346449095,6.060147346449095,6.060147346449095,0.5458627070502972,0.0,0.0,0.0,0.0,0.0,0.0,0.0,0.0,0.0,0.0,2.620187861331711,1.8280380427895657
THR0873,2010-02-23,2.0,1.0,1.0,8.0,2.0,1.0,21.0,21.0,3.0,21.0,0.0,12.0,11.0,5.0,0.0,0.0,0.0,8.0,6.0,3.0,199396.0,0.0,0.0,7.000000000000001,0.6236095644623235,1.8408014312857164,6.999999999999998,0.6202652230709521,0.5162598177674711,0.5140737478202729,0.5140737478202729,7.000000000000001,1.0538318251928769,10.0,0.9822318672814037,1.3856230304170882,0.7406251898767715,0.0,0.0,0.0,0.0,0.0,0.0,2.6170824240241957,1.825871458621532
MGS0974,2010-06-01,1.0,0.0,1.0,1.0,0.0,1.0,8.0,8.0,0.0,8.0,1.0,3.0,3.0,0.0,0.0,0.0,0.0,7.0,1.0,0.0,62811.0,0.0,0.0,0.0,0.41019310384658886,0.41019310384658886,0.0,1.5415927597920187,8.203673666568537,8.203673666568537,8.203673666568537,0.0,0.14328269667804167,0.0,0.0,0.0,0.7333107590130142,0.0,0.0,0.0,0.0,0.0,6.0,1.9144710321671967,1.8240495573259512
HFB0347,2011-01-02,1.0,1.0,1.0,1.0,1.0,1.0,25.0,25.0,25.0,25.0,0.0,2.0,2.0,2.0,0.0,0.0,0.0,1.0,0.0,0.0,0.0,1.0,0.0,6.0,0.7071067811865476,0.7071067811865476,6.0,1.7356311276993226,2.186416837103101,2.0724888183734116,2.0724888183734116,6.0,0.9505577758490518,6.0,0.0,0.0,0.0,6.0,0.0,0.0,0.0,0.0,0.0,2.612824799672049,1.8229010230270108
ATP0662,2010-07-04,2.0,2.0,1.0,2.0,2.0,1.0,7.0,7.0,7.0,7.0,0.0,7.0,6.0,7.0,1.0,0.0,0.0,7.0,2.0,2.0,62283.0,7.0,0.0,4.72079084471376,0.4723895599395189,0.6731239860936568,6.060147346449095,1.1665146479994932,1.2955288950714876,1.2955288950714876,1.2955288950714876,10.0,0.5495810561208561,4.156108150561833,0.05917117245181389,0.8054158354411856,0.5856054696874194,4.742495829225636,0.0,1.2688302197385635,0.0,0.0,0.0,2.503040014535484,1.8200761857072307
BAJ0654,2010-09-27,1.0,0.0,1.0,1.0,1.0,1.0,25.0,25.0,25.0,25.0,1.0,1.0,1.0,1.0,0.0,0.0,0.0,2.0,1.0,1.0,16198.0,0.0,0.0,0.0,0.5420801090548311,0.5420801090548311,6.0,1.4295898658133834,1.9046914444367282,1.8218981552912084,1.8218981552912084,7.355642162113471,0.4806090982201975,1.905498776518878,1.4824302080425575,3.3166247903554,1.7041286077697382,0.0,0.0,0.0,0.0,0.0,4.358898943540674,2.0872119367294175,1.8109884745180207
MPT0376,2011-04-30,3.0,3.0,2.0,2.0,2.0,1.0,5.0,5.0,5.0,5.0,0.0,2.0,2.0,2.0,0.0,0.0,0.0,5.0,2.0,1.0,66545.0,5.0,0.0,6.0,1.3938140782018447,1.1431572241226151,6.0,1.4694587100610244,1.3267011497947985,1.296266097880446,1.296266097880446,6.0,0.0,6.0,0.5360510571232703,0.6073779950870986,0.8115189408230327,6.0,0.0,0.0,0.0,0.0,0.0,2.5721128348996416,1.7944973266741686
HRL0540,2010-06-17,2.0,0.0,1.0,9.0,3.0,1.0,6.0,6.0,2.0,6.0,1.0,7.0,7.0,0.0,0.0,1.0,0.0,6.0,4.0,1.0,119303.0,3.0,0.0,0.0,0.5171766591661137,0.7528032133213726,1.3842457367504326,0.6958350783643281,0.7053860797372665,0.7053860797372665,0.7053860797372665,1.2715827750806752,1.207821565821865,0.0,1.2117682318493483,0.8738281277887977,0.8848947490264082,1.70681334711598,0.0,0.0,7.681145747868609,0.0,7.681145747868609,0.7690961715536334,1.7869977995741688
QJR0688,2010-04-10,1.0,1.0,1.0,1.0,1.0,1.0,2.0,2.0,2.0,2.0,1.0,2.0,2.0,2.0,0.0,0.0,0.0,2.0,1.0,0.0,46947.0,2.0,0.0,7.681145747868607,0.08361878099248912,0.08361878099248912,4.798214540391232,0.5478330233204567,0.43214314636471474,0.4110872003219877,0.4110872003219877,3.9967019273057893,0.0,4.11851192574413,0.0,0.0,0.7331897179477277,3.674183673607762,0.0,0.0,0.0,0.0,6.0,1.8609655101326827,1.7867201233483831
NMS0280,2010-12-19,1.0,1.0,1.0,1.0,1.0,1.0,6.0,6.0,6.0,6.0,0.0,1.0,1.0,1.0,0.0,0.0,0.0,1.0,1.0,1.0,28466.0,1.0,0.0,1.8564249667492752,0.17677000790842018,0.17677000790842018,7.681145747868609,2.0044184534638343,4.058091753274326,4.058091753274326,4.058091753274326,6.0,0.0,1.3638203632028663,0.7232657279095295,1.949882514150664,1.0042537517784556,1.2197256640198892,0.0,0.0,0.0,0.0,0.0,2.560957947989079,1.7867148474342414
MPT0376,2011-01-30,2.0,2.0,1.0,1.0,1.0,1.0,7.0,7.0,7.0,7.0,0.0,6.0,3.0,6.0,0.0,0.0,0.0,4.0,1.0,0.0,27149.0,4.0,0.0,5.385164807134505,0.38353379101144885,0.6566196156298104,4.798214540391232,0.4258360424564725,1.4082924958156744,1.4082924958156753,1.4082924958156753,6.0,0.3184939245003542,7.681145747868609,0.1382082946457758,0.0,0.7201783451671231,10.0,0.0,0.0,0.0,0.0,0.0,2.5580853446455465,1.7847107055666602
BWP0202,2010-04-05,3.0,1.0,2.0,1.0,1.0,1.0,9.0,9.0,9.0,9.0,0.0,4.0,4.0,1.0,0.0,0.0,0.0,8.0,6.0,2.0,192191.0,0.0,0.0,2.8697800380671574,1.1130781061212045,0.9544359701507498,6.0,1.6771174774573994,2.988643100806813,2.988643100806813,2.988643100806813,6.0,0.46981007403747643,5.385164807134506,1.8123900185723782,1.940603124431048,0.9536983494180974,0.0,0.0,0.0,0.0,0.0,0.0,2.5570628738323875,1.7839973538365494
JMD0520,2010-10-20,4.0,1.0,2.0,2.0,1.0,1.0,11.0,11.0,3.0,11.0,0.0,3.0,3.0,1.0,0.0,0.0,0.0,1.0,0.0,0.0,0.0,0.0,0.0,5.385164807134505,1.6778779969879616,1.7049212015934085,7.681145747868607,0.8079974304850419,1.4054446367541247,1.3558324272766082,1.3558324272766082,9.726617991763288,1.5041948448653224,6.0,0.0,0.0,0.0,0.0,0.0,0.0,0.0,0.0,0.0,2.5529771588249104,1.7811468549941234
MPT0376,2010-10-17,1.0,1.0,1.0,1.0,1.0,1.0,7.0,7.0,7.0,7.0,0.0,2.0,2.0,2.0,0.0,0.0,0.0,5.0,2.0,1.0,63546.0,5.0,0.0,4.798214540391232,0.2713797603626202,0.0,3.775478418443892,0.3296474161415433,1.5998246243259917,1.5579787689259137,1.5579787689259137,8.217171728183652,0.0,5.20187651435287,0.5485584204612142,0.9019215007991402,0.7800759707434911,9.96581467587381,0.0,0.0,0.0,0.0,0.0,2.551407490726886,1.7800517377164322
PNH0761,2011-05-13,3.0,2.0,1.0,3.0,0.0,1.0,23.0,23.0,0.0,23.0,1.0,2.0,2.0,2.0,0.0,0.0,0.0,1.0,1.0,0.0,30191.0,0.0,0.0,7.042890971334735,0.5231557137011703,2.3583793868172216,0.0,3.191065613817589,1.8548186782458498,1.8548186782458498,1.8548186782458498,0.0,1.2561632351157719,6.0,0.7124450100001267,0.0,1.0931846136351497,0.0,0.0,0.0,0.0,0.0,7.681145747868607,1.6529865284194127,1.7784559527935466
ATP0662,2010-09-12,2.0,2.0,1.0,2.0,2.0,1.0,7.0,7.0,7.0,7.0,0.0,3.0,3.0,3.0,0.0,0.0,0.0,4.0,2.0,1.0,84780.0,4.0,0.0,2.9342754330939758,0.41586029564108234,0.5094437113945971,10.0,1.2290100458363733,1.5775807614843653,1.5775807614843653,1.5775807614843653,10.0,0.0001976070544916992,2.6447434557153096,0.038829879817087604,0.07276162795876417,0.6471293111188693,3.773966542098448,0.0,0.0,0.0,0.0,0.0,2.533566042084494,1.7676042154077864
NGF0157,2010-10-17,3.0,3.0,2.0,1.0,1.0,1.0,8.0,8.0,8.0,8.0,0.0,5.0,5.0,5.0,0.0,0.0,0.0,5.0,2.0,1.0,57786.0,5.0,0.0,2.388672528552883,1.8511866557146364,1.239485848924889,2.6654885148568095,1.541592759792019,3.675570980443186,3.6755709804431875,3.6755709804431875,10.0,0.69831311411817,3.055180090140263,0.3034976119697657,0.7965844386332478,0.5245722695139943,3.355485103785392,0.0,0.0,0.0,0.0,0.0,2.530369705151647,1.7653742128964982
HRB0351,2010-02-06,3.0,3.0,2.0,1.0,1.0,1.0,27.0,27.0,27.0,27.0,1.0,11.0,4.0,11.0,0.0,0.0,0.0,12.0,1.0,0.0,27914.0,12.0,0.0,4.073157376663194,1.894176682328124,1.2583144863629196,5.656854249492381,1.3695790408347586,1.621446224905315,1.621446224905315,1.621446224905315,5.656854249492381,0.0,3.2493242155145494,0.0,0.0,0.27245727295373184,3.582318116214573,0.0,0.0,0.0,0.0,3.937003937005906,2.0708365332952843,1.765223483218121
RGG0064,2010-10-18,3.0,0.0,1.0,3.0,3.0,1.0,12.0,12.0,12.0,12.0,0.0,2.0,2.0,0.0,0.0,0.0,0.0,2.0,1.0,0.0,15189.0,0.0,0.0,0.0,0.6807456457050176,1.4002918074414958,6.0,6.0,6.0,6.0,6.0,6.0,0.0,0.0,0.20254639619789205,0.0,0.7056254428460165,0.0,0.0,0.0,0.0,0.0,0.0,2.529589366740882,1.7648297907494526
GCL0016,2010-11-13,2.0,2.0,1.0,1.0,1.0,1.0,5.0,5.0,5.0,5.0,0.0,6.0,6.0,6.0,0.0,0.0,0.0,2.0,0.0,0.0,0.0,2.0,0.0,4.08192235062035,0.3628444562893247,0.6642555704150768,6.0,1.390451870923638,4.15316448314169,4.15316448314169,4.15316448314169,6.0,0.7094246503770422,3.309069598147153,0.0,0.0,0.0,2.2524932167148464,0.0,0.0,0.0,0.0,0.0,2.528747009513503,1.7642420996605834
RUM0880,2010-11-08,3.0,1.0,1.0,1.0,0.0,1.0,5.0,5.0,0.0,5.0,1.0,9.0,8.0,2.0,1.0,1.0,0.0,6.0,6.0,2.0,218127.0,0.0,0.0,3.5131019740280878,0.5911434594243188,1.2718718301198046,0.0,0.0,0.48136259328008496,0.47815709471096174,0.47815709471096174,0.0,0.8739074234409843,7.681145747868608,1.2967949150464448,0.9781887535898384,0.890235462176372,0.0,0.0,6.0,3.5131019740280887,0.0,4.358898943540673,1.10587499656447,1.761122165312204
VFM0814,2010-01-22,1.0,0.0,1.0,1.0,0.0,1.0,5.0,5.0,0.0,5.0,0.0,8.0,6.0,4.0,0.0,0.0,0.0,5.0,4.0,0.0,117757.0,0.0,0.0,0.0,0.24289270698209522,0.0,0.0,1.1153372111915774,10.0,10.0,10.0,0.0,0.9221177955529763,2.724973042542134,1.1743326729507355,0.0,0.7261089970086795,0.0,0.0,0.0,0.0,0.0,0.0,2.517355547327933,1.756294567903209
TDS0984,2010-06-27,2.0,2.0,1.0,1.0,1.0,1.0,27.0,27.0,27.0,27.0,1.0,6.0,5.0,6.0,0.0,0.0,0.0,2.0,1.0,0.0,13523.0,2.0,0.0,2.666713530298176,0.2218011988607291,0.47985845041095704,4.019419917637095,1.1677023516036789,1.6795265464976183,1.6795265464976183,1.6795265464976183,5.385164807134504,0.7439733759129963,2.82907568785516,0.0,0.0,0.3924249454262687,1.5925924539172607,0.0,0.0,0.0,0.0,7.681145747868609,1.6203400865815702,1.7556793654648195
NMS0280,2010-08-08,1.0,1.0,1.0,1.0,1.0,1.0,9.0,9.0,9.0,9.0,0.0,2.0,2.0,2.0,1.0,0.0,0.0,2.0,2.0,0.0,75855.0,2.0,0.0,2.549509756796389,0.3434535257362826,0.3434535257362826,4.358898943540673,1.3950998241634918,2.963655339304969,2.963655339304969,2.963655339304969,6.712795394277753,0.8566526475709483,3.480178027920046,1.757258481327113,0.0,1.3840769849634622,3.008498861541105,0.0,2.462144197547995,0.0,0.0,0.0,2.3071581526062386,1.7527931412106312
CLB0774,2010-06-21,2.0,1.0,1.0,8.0,3.0,1.0,19.0,19.0,10.0,19.0,0.0,2.0,2.0,2.0,1.0,0.0,0.0,2.0,2.0,0.0,71754.0,0.0,0.0,2.2360679774997876,0.6030226891555273,1.4650886617403922,6.8586614665984245,0.6245096275414578,0.6369352097000106,0.6331824568371215,0.6331824568371215,6.696596082265588,1.0608768822360692,6.0,2.1411248667612903,0.0,1.3655119212956293,0.0,0.0,6.0,0.0,0.0,0.0,2.0075355405242354,1.7494434003657455
SBN0866,2010-08-04,2.0,1.0,1.0,3.0,1.0,1.0,24.0,24.0,2.0,24.0,0.0,10.0,9.0,4.0,0.0,0.0,0.0,9.0,2.0,2.0,84813.0,0.0,0.0,7.681145747868609,0.6807456457050176,1.8671347504177545,6.0,1.9548227790628947,1.1046169148996674,1.0963005841519133,1.0963005841519133,6.0,0.8701809023322028,6.0,0.40660261919246266,1.8920031214034048,0.8466383357327772,0.0,0.0,0.0,0.0,0.0,0.0,2.5019477825328025,1.7455449645577692
NMS0280,2010-05-29,1.0,1.0,1.0,2.0,2.0,1.0,3.0,3.0,3.0,3.0,0.0,1.0,1.0,1.0,0.0,0.0,0.0,2.0,2.0,1.0,87399.0,2.0,0.0,2.549509756796389,0.3091854417793346,0.3091854417793346,8.643909088903778,2.1840403844779965,1.9650641190647198,1.9650641190647193,1.9650641190647193,5.913484571067922,0.19525528487475516,1.4570529594671286,1.7558621377298336,2.23606797749979,1.2407414517129882,3.6518582343853727,0.0,0.0,0.0,0.0,0.0,2.498465122609858,1.7431152018208314
JDF0593,2011-03-20,2.0,2.0,1.0,9.0,9.0,1.0,0.0,0.0,0.0,0.0,0.0,0.0,0.0,0.0,0.0,0.0,0.0,1.0,1.0,1.0,20478.0,1.0,0.0,4.949875002403854,0.35860327417322474,0.5254337590208585,10.0,0.6874642481555506,0.0,0.0,0.0,0.0,0.0,0.0,2.999999999999999,6.0,2.9629448097056343,6.0,0.0,0.0,0.0,0.0,0.0,2.4973340534700643,1.742326083816324
EHD0584,2010-10-07,4.0,2.0,1.0,2.0,2.0,1.0,1.0,1.0,1.0,1.0,0.0,0.0,0.0,0.0,0.0,0.0,0.0,1.0,0.0,0.0,0.0,0.0,0.0,8.643909088903776,0.46290356902683283,1.7210266101605936,8.643909088903776,8.643909088903776,2.4735893086356535,2.4735893086356535,2.4735893086356535,2.4735893086356535,0.0,0.0,0.0,0.0,0.0,0.0,0.0,0.0,0.0,0.0,0.0,2.495802965599547,1.741257882976428
BJM0111,2010-11-06,2.0,2.0,1.0,7.0,7.0,1.0,26.0,26.0,26.0,26.0,0.0,1.0,1.0,1.0,0.0,0.0,0.0,2.0,1.0,0.0,15346.0,2.0,0.0,3.6837925144728816,0.5142286204344889,1.3764311992680496,6.481573176165676,0.47202010726059535,0.7683881549567833,0.7416266023303436,0.7416266023303436,8.691355712250287,0.20189043344780963,2.9021585779141756,1.067876478174019,0.0,1.2050214770621015,10.0,0.0,0.0,0.0,0.0,0.0,2.4712482418984454,1.7241266803942643
MCD0125,2010-03-20,2.0,2.0,1.0,1.0,1.0,1.0,6.0,6.0,6.0,6.0,0.0,8.0,8.0,8.0,0.0,1.0,0.0,7.0,7.0,3.0,148814.0,7.0,0.0,2.2387593143059754,0.0,0.3351487833009175,6.0,1.0924625702469606,1.2091414205126039,1.2091414205126039,1.2091414205126039,6.0,1.268179670512072,3.0226137455398754,1.8228161246509194,1.7979201115340981,0.8513238661480887,2.933077711210077,0.0,0.0,3.3166247903554,0.0,0.0,2.072066123683926,1.7155853599246906
FKK0055,2011-01-09,2.0,2.0,1.0,1.0,1.0,1.0,8.0,8.0,8.0,8.0,0.0,7.0,6.0,7.0,0.0,0.0,0.0,5.0,3.0,1.0,115818.0,5.0,0.0,1.8851803008455519,0.27856903370984887,0.4602346138691085,4.358898943540671,2.054177842902792,3.746050092227523,3.746050092227523,3.746050092227523,9.59980523616206,0.6856134239075031,2.505619813471469,0.6924280275123303,0.34106182902406396,0.6650461526630338,2.3282677717284823,0.0,0.0,0.0,0.0,0.0,2.4550597542411055,1.7128323866798412
SBN0971,2010-09-25,1.0,1.0,1.0,1.0,1.0,1.0,10.0,10.0,10.0,10.0,1.0,1.0,1.0,1.0,0.0,0.0,0.0,0.0,0.0,0.0,0.0,0.0,0.0,2.7516228977511727,0.42008402520840293,0.42008402520840293,3.7416573867739413,1.103856146635408,2.507447115724342,2.507447115724342,2.507447115724342,4.790235404279683,1.1311226740910694,6.0,0.0,0.0,0.0,0.0,0.0,0.0,0.0,0.0,5.385164807134504,1.8191675439349506,1.7075140265818438
HAD0246,2011-01-22,2.0,2.0,1.0,3.0,3.0,1.0,6.0,6.0,6.0,6.0,0.0,2.0,2.0,2.0,0.0,0.0,0.0,5.0,3.0,0.0,131356.0,5.0,0.0,1.336841836629546,0.0,0.0,7.750576015460308,2.8902629936558277,3.2142153167179317,3.2142153167179317,3.2142153167179317,10.0,0.0,0.8152456634692784,0.7394496115679149,0.0,0.6344675766346591,1.5773212300403705,0.0,0.0,0.0,0.0,0.0,2.4279297299738882,1.6939044627724802
HRB0351,2010-05-08,2.0,2.0,1.0,2.0,2.0,1.0,15.0,15.0,15.0,15.0,0.0,10.0,7.0,10.0,0.0,2.0,0.0,8.0,6.0,0.0,166601.0,8.0,0.0,3.559962526413142,0.30577179241119073,0.554255425181561,6.0,3.14938224112708,1.7560545817089426,1.7560545817089426,1.7560545817089426,6.0,0.4708933127708554,3.538564269039405,1.143412230556392,0.0,0.6728919679736203,3.577862069255152,0.0,0.0,1.8719647758657387,0.0,0.0,2.2077952380412156,1.6926914850410826
MAR0955,2011-02-16,2.0,1.0,1.0,5.0,5.0,1.0,21.0,21.0,21.0,21.0,0.0,0.0,0.0,0.0,0.0,0.0,0.0,0.0,0.0,0.0,0.0,0.0,0.0,3.7416573867739413,0.7071067811865475,1.6937423133496607,4.85702911514167,4.398074384127963,5.163925507039919,5.163925507039919,5.163925507039919,5.493298085682081,0.0,0.0,0.0,0.0,0.0,0.0,0.0,0.0,0.0,0.0,0.0,2.42592898376109,1.6925085933216908
BJM0111,2011-02-19,2.0,2.0,1.0,6.0,6.0,1.0,24.0,24.0,24.0,24.0,0.0,1.0,1.0,1.0,0.0,0.0,0.0,1.0,1.0,0.0,23866.0,1.0,0.0,3.6837925144728816,0.5773502691896258,1.467591019971415,6.787699932566692,0.40040046641371413,0.7150472183374669,0.7107027666403767,0.7107027666403767,7.681145747868611,0.24630677078023178,4.798214540391232,1.1292906652303503,0.0,1.4379682102511102,7.681145747868607,0.0,0.0,0.0,0.0,0.0,2.42347856531477,1.6907989990568162
MOH0273,2010-05-01,1.0,1.0,1.0,8.0,8.0,1.0,25.0,25.0,25.0,25.0,0.0,6.0,5.0,6.0,0.0,0.0,0.0,5.0,5.0,0.0,163977.0,5.0,0.0,5.385164807134499,0.5773502691896254,0.5773502691896254,5.556328265091395,0.6107125563289958,0.6702412914242117,0.6702412914242113,0.6702412914242113,5.461795771951282,0.7660247570325839,6.581159515114486,1.7420650005592115,0.0,0.9688322821780555,7.864498860288464,0.0,0.0,0.0,0.0,0.0,2.4197152118533336,1.688173403618605
FOB0756,2010-09-26,2.0,2.0,1.0,1.0,1.0,1.0,2.0,2.0,2.0,2.0,0.0,1.0,1.0,1.0,0.0,0.0,0.0,2.0,2.0,1.0,47990.0,2.0,0.0,1.924405828613397,0.0,0.27180459821450653,5.385164807134499,1.266574716567204,4.087663386218849,4.087663386218849,4.087663386218849,6.0,0.0,1.4319484957853,1.4827362126924775,1.344957291073202,0.9123729976363275,2.590027857623577,0.0,0.0,0.0,0.0,0.0,2.4166580981158092,1.6860405335691693
TDS0984,2010-05-30,2.0,2.0,1.0,1.0,1.0,1.0,27.0,27.0,27.0,27.0,0.0,8.0,7.0,8.0,0.0,1.0,0.0,4.0,3.0,1.0,68557.0,4.0,0.0,2.2373874313185267,0.12329092548960312,0.45109890184004386,4.798214540391232,1.4824302080425578,1.9623698182370575,1.9623698182370575,1.9623698182370575,7.681145747868607,1.1449533441406414,3.0473692028927966,0.7855404109769408,1.8126539343499315,0.6634989642962451,1.9887772165624333,0.0,0.0,2.3804761428476167,0.0,0.0,2.1375838637329774,1.685097265394325
AJD0074,2010-05-22,2.0,2.0,1.0,2.0,2.0,1.0,2.0,2.0,2.0,2.0,0.0,4.0,4.0,4.0,0.0,0.0,0.0,7.0,2.0,2.0,75178.0,7.0,0.0,1.970413688016225,0.23394477323996496,0.5893583541152283,7.681145747868606,2.4242645862871686,1.1655551477295891,1.1655551477295891,1.1655551477295891,10.0,0.4394845810061267,3.1245305165199535,0.3700841702673245,1.794052692311438,0.6910304127777679,3.7110021540202967,0.0,0.0,0.0,0.0,0.0,2.411074106354159,1.6821447253633668
KKW0879,2010-12-25,3.0,3.0,2.0,9.0,9.0,1.0,1.0,1.0,1.0,1.0,0.0,2.0,2.0,2.0,0.0,0.0,0.0,6.0,3.0,0.0,78690.0,6.0,0.0,6.934760925288563,1.4675910199714155,2.113486894991429,7.352063380498326,0.6486645325007719,0.0,0.0,0.0,4.798214540391216,0.0,3.497585468865257,0.6511363242308599,0.0,0.6755621987669967,9.698340489052315,0.0,0.0,0.0,0.0,0.0,2.4065314020607733,1.6789753967865861
PNH0761,2010-06-07,2.0,1.0,1.0,1.0,0.0,1.0,26.0,26.0,0.0,26.0,0.0,2.0,2.0,2.0,0.0,1.0,0.0,2.0,1.0,0.0,37566.0,0.0,0.0,3.0,0.5171766591661136,1.3929271462405919,0.0,2.2414274688404925,2.8010845435211107,2.8010845435211107,2.8010845435211107,0.0,1.2377366849468214,6.0,1.0570667736831412,0.0,1.4159914860409168,0.0,0.0,0.0,7.681145747868609,0.0,0.0,1.5087408241929652,1.6778194149611416
DCH0843,2011-02-08,2.0,1.0,1.0,5.0,5.0,1.0,13.0,13.0,13.0,13.0,0.0,0.0,0.0,0.0,0.0,0.0,0.0,0.0,0.0,0.0,0.0,0.0,0.0,4.358898943540673,0.7071067811865476,1.7503972150553782,4.106830594019823,4.012617676521958,5.242803593845746,5.242803593845746,5.242803593845746,5.242803593845746,0.0,0.0,0.0,0.0,0.0,0.0,0.0,0.0,0.0,0.0,0.0,2.403807671706113,1.6770751197949625
CSC0217,2010-06-10,8.0,1.0,7.0,2.0,0.0,2.0,1.0,1.0,0.0,1.0,1.0,5.0,5.0,0.0,0.0,0.0,0.0,8.0,2.0,0.0,68103.0,0.0,0.0,0.0,1.2092102844422365,1.359594328771515,0.0,6.0,6.0,6.0,6.0,0.0,0.6982979885937681,0.0,0.4098766862900477,0.0,0.7933980593039476,0.0,0.0,0.0,0.0,0.0,6.0,1.703764438339073,1.6770449569807486
IIW0249,2010-07-17,1.0,1.0,1.0,8.0,8.0,1.0,5.0,5.0,5.0,5.0,0.0,5.0,4.0,5.0,0.0,1.0,0.0,5.0,4.0,0.0,85070.0,5.0,0.0,2.3804761428476167,0.37211305114070714,0.30678774081345733,2.9256822984749546,0.39582688279410966,1.5537337184660402,1.55373371846604,1.55373371846604,10.0,0.399308304264798,3.4538234002073542,1.1454888066706075,0.0,0.6579760482325875,3.4291998489507742,0.0,0.0,3.7416573867739404,0.0,0.0,1.9659784167441845,1.6761663571170773
HPH0075,2011-02-26,2.0,2.0,1.0,7.0,7.0,1.0,27.0,27.0,27.0,27.0,0.0,9.0,7.0,9.0,2.0,2.0,0.0,13.0,7.0,1.0,211873.0,13.0,0.0,3.059245790655991,0.447213595499958,0.6703731720053947,2.590039056430231,0.3257214520436413,0.5772086750313866,0.5708749854688835,0.5708749854688835,3.0154533686277323,0.3393334686553203,2.685797304260894,0.8184908036733843,0.0,0.5644587719252419,3.1568851815386756,0.0,1.7585565558724245,8.643909088903776,0.0,0.0,1.2446795204666967,1.6741967166243064
ILJ0526,2010-11-07,2.0,2.0,1.0,3.0,3.0,1.0,9.0,9.0,9.0,9.0,0.0,0.0,0.0,0.0,0.0,0.0,0.0,0.0,0.0,0.0,0.0,0.0,0.0,5.385164807134505,0.07464299714576689,0.4947396086989475,10.0,1.9566491398675772,1.6856435050292375,1.6856435050292375,1.6856435050292375,10.0,0.0,0.0,0.0,0.0,0.0,0.0,0.0,0.0,0.0,0.0,0.0,2.3953087714212247,1.6711456544799244
JCR0172,2011-01-15,2.0,2.0,1.0,1.0,1.0,1.0,6.0,6.0,6.0,6.0,0.0,11.0,6.0,11.0,0.0,0.0,0.0,4.0,4.0,0.0,112857.0,4.0,0.0,4.081922350620347,0.5773502691896258,0.707931664583028,6.0,1.0728458799201042,2.7815936289170358,2.625702911198308,2.625702911198308,6.0,0.5231524529811288,4.527981671056818,0.7556289170004512,0.0,0.6606764995078197,2.6738313451950915,0.0,0.0,0.0,0.0,0.0,2.385886108903935,1.6645717038864662
MLM0950,2010-09-19,2.0,2.0,1.0,3.0,3.0,1.0,7.0,7.0,7.0,7.0,0.0,1.0,1.0,1.0,0.0,0.0,0.0,1.0,1.0,1.0,25924.0,1.0,0.0,2.7560797470458605,0.11222854595892823,0.43237584971245113,3.5698129390888687,1.1223148696492822,0.5594945385281174,0.5502746953842895,0.5502746953842895,2.646705957334351,1.5936454875783999,5.385164807134504,2.549509756796392,5.385164807134504,2.526705698556194,7.681145747868606,0.0,0.0,0.0,0.0,0.0,2.384633459913264,1.663697762730184
JCR0172,2010-06-12,2.0,2.0,1.0,2.0,2.0,1.0,3.0,3.0,3.0,3.0,0.0,7.0,4.0,7.0,0.0,0.0,0.0,6.0,4.0,0.0,109860.0,6.0,0.0,3.0,0.4082366428513438,0.6157916235895227,10.0,2.254874239789983,1.8747014299419589,1.8747014299419589,1.8747014299419589,6.0,0.0,3.059928411764094,0.791068161287231,0.0,0.6303815461555811,2.6730742518602106,0.0,0.0,0.0,0.0,0.0,2.3819011875567986,1.6617915262024177
RLG0856,2010-05-10,3.0,1.0,1.0,1.0,1.0,1.0,6.0,6.0,6.0,6.0,0.0,9.0,7.0,3.0,0.0,0.0,0.0,10.0,2.0,1.0,51152.0,0.0,0.0,4.358898943540673,0.6287677132370126,1.3773356384930782,6.0,0.5720865466702794,2.7947253798894405,2.7947253798894405,2.7947253798894405,6.0,0.6856013824545997,6.0,0.12711058045281742,0.48745601162164487,0.5821425542055574,0.0,0.0,0.0,0.0,0.0,0.0,2.3701783399989256,1.6536127953480877
JDC0030,2010-04-11,2.0,2.0,1.0,2.0,2.0,1.0,7.0,7.0,7.0,7.0,0.0,4.0,4.0,4.0,0.0,0.0,0.0,7.0,3.0,2.0,86643.0,7.0,0.0,1.9421738638920403,0.040808533993030645,0.42599465065711234,10.0,2.9342754330939753,2.346024666899564,2.346024666899564,2.346024666899564,7.60706009738474,0.0,1.2598905008441703,0.21783508723898093,0.7033140127242308,0.31278756469057933,1.8397658362066382,0.0,0.0,0.0,0.0,0.0,2.370090475088967,1.6535514942481164
HRB0351,2010-01-30,2.0,2.0,1.0,1.0,1.0,1.0,27.0,27.0,27.0,27.0,0.0,9.0,5.0,9.0,0.0,1.0,0.0,11.0,9.0,1.0,286863.0,11.0,0.0,3.464101615137755,0.33941559187460846,0.581124861853754,6.0,1.6475089420958282,1.7531336206714723,1.7531336206714723,1.7531336206714723,6.0,0.09419104390864498,3.1916790444770062,2.101240609532278,1.3911168225695483,0.8547673092246029,3.981650563946966,0.0,0.0,0.33742186951413616,0.0,0.0,2.33052132199888,1.653409679145718
SBN0971,2011-04-10,1.0,1.0,1.0,1.0,1.0,1.0,6.0,6.0,6.0,6.0,1.0,0.0,0.0,0.0,0.0,0.0,0.0,1.0,0.0,0.0,0.0,1.0,0.0,2.1105794120443417,0.3333333333333339,0.3333333333333339,4.358898943540673,1.5588451444553566,2.293736013360201,2.293736013360201,2.293736013360201,5.649567677948299,0.0,0.0,0.0,0.0,0.0,3.3166247903554,0.0,0.0,0.0,0.0,6.0,1.6555299220562967,1.6433929688764861
NMS0280,2010-07-10,1.0,1.0,1.0,1.0,1.0,1.0,7.0,7.0,7.0,7.0,0.0,2.0,2.0,2.0,0.0,0.0,0.0,3.0,3.0,0.0,81537.0,3.0,0.0,2.549509756796389,0.30918544177933416,0.30918544177933416,3.1488638494023515,1.1825250021556233,3.287255837922637,3.287255837922637,3.287255837922637,5.716980362903639,1.0187672519550155,3.2697004732243324,2.607044872960186,0.0,1.3632639937392663,4.93513926290905,0.0,0.0,0.0,0.0,0.0,2.3482195445501044,1.638292705500073
AHD0848,2010-11-07,1.0,1.0,1.0,1.0,1.0,1.0,4.0,4.0,4.0,4.0,0.0,0.0,0.0,0.0,0.0,0.0,0.0,1.0,0.0,0.0,0.0,1.0,0.0,4.798214540391231,0.4978650175429651,0.0,6.0,1.3508777258772706,3.2725184209078586,3.2725184209078586,3.2725184209078586,6.0,0.0,0.0,0.0,0.0,0.0,5.385164807134505,0.0,0.0,0.0,0.0,0.0,2.3480776183257546,1.6381936872040148
BJM0111,2010-03-27,1.0,1.0,1.0,9.0,9.0,1.0,20.0,20.0,20.0,20.0,0.0,3.0,3.0,3.0,0.0,0.0,0.0,2.0,1.0,1.0,37650.0,2.0,0.0,3.0000000000000004,0.5516772843673703,0.35914891000499893,6.0,0.7043642042148517,0.5669666335975707,0.5632114737051029,0.5632114737051029,6.0,1.4474896174506346,6.0,0.9900486330233371,2.3062221189732472,1.3539968836488103,6.0,0.0,0.0,0.0,0.0,0.0,2.341275593485572,1.633448088478306
TDS0984,2010-03-07,2.0,2.0,2.0,1.0,1.0,1.0,27.0,27.0,27.0,27.0,0.0,5.0,5.0,5.0,0.0,1.0,0.0,6.0,0.0,0.0,0.0,6.0,0.0,2.1842419158515503,1.7210640412816725,0.38819129125361235,7.681145747868609,1.5306254351191515,1.916477475707679,1.916477475707679,1.916477475707679,8.290583360337012,0.6217600560595358,2.1263926609605943,0.0,0.0,0.0,2.2963523688193686,0.0,0.0,1.344957291073202,0.0,0.0,2.1838807350766856,1.6331109900245764
SBH0537,2010-04-24,2.0,2.0,1.0,2.0,2.0,1.0,0.0,0.0,0.0,0.0,0.0,5.0,5.0,5.0,0.0,0.0,0.0,9.0,7.0,3.0,228481.0,9.0,0.0,7.681145747868608,0.5773502691896257,0.761401398772991,6.0,2.655106415372406,0.0,0.0,0.0,0.0,0.3466271209845666,5.3264618418255685,1.5394101172173678,1.9491653420828767,0.9375493943441237,9.112921697484978,0.0,0.0,0.0,0.0,0.0,2.3404746275478274,1.6328892750333681
MGS0974,2010-09-18,1.0,1.0,1.0,1.0,1.0,1.0,2.0,2.0,2.0,2.0,0.0,4.0,4.0,4.0,0.0,0.0,0.0,5.0,0.0,0.0,0.0,5.0,0.0,5.385164807134502,0.47238955993951925,0.47238955993951925,6.0,1.1314413941278767,1.7738683893243892,1.7738683893243892,1.7738683893243892,6.0,0.4138965360779361,4.266619807656708,0.0,0.0,0.0,6.016247178518734,0.0,0.0,0.0,0.0,0.0,2.3376348533932387,1.6309080372510967
EHD0584,2010-10-13,3.0,1.0,1.0,2.0,2.0,1.0,3.0,3.0,3.0,3.0,0.0,1.0,1.0,0.0,0.0,0.0,0.0,0.0,0.0,0.0,0.0,0.0,0.0,3.1488638494023515,0.5483431399231488,1.2478061792480308,5.1432329104726255,5.1432329104726255,4.800114153893733,4.800114153893733,4.800114153893733,4.800114153893733,1.338615903300838,0.0,0.0,0.0,0.0,0.0,0.0,0.0,0.0,0.0,0.0,2.3368694780567862,1.630374054458223
NGC0058,2010-10-03,2.0,2.0,2.0,1.0,1.0,1.0,6.0,6.0,6.0,6.0,0.0,5.0,4.0,5.0,0.0,0.0,0.0,4.0,1.0,0.0,24691.0,4.0,0.0,2.8519311676291683,1.3076017340293278,1.3076017340293278,4.358898943540673,1.1164859436131913,3.9516369553167023,3.9516369553167023,3.9516369553167023,6.750901336609883,0.419075548787972,2.2259696183053093,0.19636079345507554,0.0,0.7317279997243467,2.0746406894536684,0.0,0.0,0.0,0.0,0.0,2.336801516328813,1.630326639299172
ILJ0526,2010-03-27,1.0,1.0,1.0,1.0,1.0,1.0,1.0,1.0,1.0,1.0,0.0,1.0,1.0,1.0,0.0,0.0,0.0,3.0,1.0,1.0,28554.0,3.0,0.0,6.0,0.13793125952612575,0.0,6.0,0.5464701801971038,0.0,0.0,0.0,6.0,0.22040100024425632,6.0,0.8738281277887976,1.8164613471564786,1.300499743794447,6.0,0.0,0.0,0.0,0.0,0.0,2.33062258102831,1.6260157542057976
MPT0376,2010-01-30,2.0,2.0,1.0,4.0,4.0,1.0,4.0,4.0,4.0,4.0,0.0,4.0,4.0,4.0,0.0,0.0,0.0,3.0,0.0,0.0,0.0,3.0,0.0,3.9209025018750063,0.022588225930293995,0.4221564094245184,10.0,2.216491047643431,1.054781995763262,1.054781995763262,1.054781995763262,4.999999999999999,0.3584457007815975,5.837013046707142,0.0,0.0,0.0,4.279036203963288,0.0,0.0,0.0,0.0,0.0,2.3282486974246206,1.6243595563427586
AJD0074,2010-03-06,2.0,2.0,1.0,1.0,1.0,1.0,6.0,6.0,6.0,6.0,0.0,2.0,2.0,2.0,0.0,0.0,0.0,6.0,0.0,0.0,0.0,6.0,0.0,1.8374375719467733,0.1552289909737554,0.44447804361436183,7.681145747868609,1.6617036612020408,2.4014283041172018,2.4014283041172018,2.4014283041172018,10.0,0.0,2.092071169357722,0.0,0.0,0.0,3.3510908457498814,0.0,0.0,0.0,0.0,0.0,2.3266130326445036,1.6232183948682586
TDS0984,2010-10-24,2.0,2.0,1.0,1.0,1.0,1.0,25.0,25.0,25.0,25.0,0.0,4.0,4.0,4.0,0.0,0.0,0.0,7.0,1.0,0.0,16601.0,7.0,0.0,2.846810672560995,0.20645334597722936,0.5480086175372748,7.681145747868609,1.4295898658133843,1.9031345515387994,1.8227060785530502,1.8227060785530502,7.877882622073787,0.565570288440821,3.0279701278210713,0.0,0.0,0.6011587079925966,4.534881862069894,0.0,0.0,0.0,0.0,0.0,2.3202860023523795,1.6188041876877068
RAW0915,2011-01-23,2.0,2.0,1.0,1.0,1.0,1.0,4.0,4.0,4.0,4.0,0.0,8.0,8.0,8.0,4.0,0.0,0.0,5.0,4.0,2.0,98513.0,5.0,0.0,2.7989155296394714,0.3095709578073462,0.5972752678295494,2.267892355624544,0.5281296837416121,1.9389000996870474,1.9389000996870478,1.9389000996870478,6.75195983056292,1.073891793157682,2.8555351050586633,1.1464745619366268,1.3527024365098497,0.6652222410746712,2.2088904164361227,0.0,5.351322444848649,0.0,0.0,0.0,1.8719461771520995,1.6171323587601072
RSC0089,2010-03-13,2.0,2.0,1.0,9.0,9.0,1.0,2.0,2.0,2.0,2.0,0.0,5.0,5.0,5.0,0.0,0.0,0.0,2.0,1.0,1.0,27156.0,2.0,0.0,4.9498750024038545,0.24917114305851176,0.457881971988045,5.954943222049942,0.7271231003157437,0.33397037076711544,0.3275874029561494,0.3275874029561494,8.643909088903778,0.8363737104140523,5.851602889417415,0.022076339470429415,1.182525002155623,0.7068865856605606,4.659309006844237,0.0,0.0,0.0,0.0,0.0,2.312396229248367,1.6132996948244422
SBH0537,2010-05-30,2.0,2.0,1.0,1.0,1.0,1.0,11.0,11.0,11.0,11.0,0.0,9.0,8.0,9.0,0.0,0.0,0.0,3.0,2.0,1.0,50864.0,3.0,0.0,3.5560359302367717,0.4620950889068478,0.6308463026516433,4.798214540391232,1.8564249667492758,3.2286706731432426,3.2286706731432426,3.2286706731432426,6.0,0.7353059311687042,3.6619138343502224,0.15665449772656206,0.6215741133786206,0.47992122895226197,2.094283591081922,0.0,0.0,0.0,0.0,0.0,2.309173438933756,1.611051236465411
AJN0607,2010-04-28,2.0,0.0,1.0,3.0,0.0,1.0,5.0,5.0,0.0,4.0,1.0,7.0,6.0,0.0,0.0,1.0,0.0,7.0,6.0,3.0,159047.0,0.0,0.0,0.0,0.2233923429835071,0.5814253924234063,0.0,0.7120522346324037,1.312314742321904,1.5568759992191155,1.5568759992191155,0.0,0.6787055924318474,0.0,1.5526440006620679,1.9129102479638043,0.8874285332946936,0.0,0.0,0.0,7.681145747868609,0.0,6.0,0.7085914022524024,1.6079477252351675
CCM0136,2011-01-18,2.0,0.0,1.0,2.0,0.0,1.0,4.0,4.0,0.0,4.0,1.0,0.0,0.0,0.0,0.0,0.0,0.0,0.0,0.0,0.0,0.0,0.0,0.0,0.0,0.6751329204860804,0.8404022638923035,0.0,3.880532114898415,6.549685389571679,6.549685389571679,6.549685389571679,0.0,0.0,0.0,0.0,0.0,0.0,0.0,0.0,0.0,0.0,0.0,6.0,1.6032162741920892,1.6068950750177367
CCA0046,2010-10-14,6.0,3.0,5.0,8.0,3.0,5.0,12.0,12.0,6.0,12.0,1.0,6.0,4.0,1.0,0.0,0.0,1.0,6.0,1.0,0.0,18019.0,0.0,0.0,0.9842250444565349,0.9394866588305186,1.1423229256889502,1.062227552961739,1.5648555488669529,1.105297242326329,1.1052972423263296,1.1052972423263296,0.9453189914759109,0.4758047875048632,6.0,0.10628959259904171,0.0,0.692839447401868,0.0,0.0,0.0,0.0,6.0,5.385164807134504,0.973834778246033,1.6061190737756221
AJD0074,2011-03-20,2.0,2.0,1.0,1.0,1.0,1.0,6.0,6.0,6.0,6.0,0.0,7.0,6.0,7.0,0.0,0.0,0.0,4.0,2.0,0.0,65260.0,4.0,0.0,1.8959817030560808,0.33529086219536364,0.5220069217472099,7.681145747868609,1.7320508075688763,2.4072895853503495,2.217748037976359,2.217748037976359,7.681145747868609,0.7889940757899794,3.8526424650962476,0.2472216913290054,0.0,0.5442589281117237,2.454367486930329,0.0,0.0,0.0,0.0,0.0,2.3013359613178452,1.6055832288264038
NDM0417,2010-09-02,1.0,0.0,1.0,2.0,0.0,1.0,10.0,10.0,0.0,10.0,1.0,7.0,7.0,0.0,1.0,1.0,0.0,4.0,4.0,1.0,104446.0,0.0,0.0,0.0,0.4331963108145097,0.0,0.0,0.634149241477217,1.8375610986981803,1.8375610986981796,1.8375610986981796,0.0,1.3062666486689365,0.0,1.2917659027085318,0.5700318744729853,0.7928712765096091,0.0,0.0,5.385164807134504,2.306222118973247,0.0,7.681145747868609,0.6818426068230687,1.6017204129412748
RSC0089,2010-06-06,2.0,2.0,2.0,8.0,8.0,1.0,3.0,3.0,3.0,3.0,0.0,3.0,3.0,3.0,0.0,0.0,0.0,5.0,3.0,1.0,76881.0,5.0,0.0,3.759253963277762,1.214519260368656,0.4712936820807732,5.788139560014808,0.6364370350708546,1.042056614324097,1.042056614324097,1.042056614324097,6.0,0.2333442680156697,4.522267028347051,0.8614137785740014,0.6181195372211417,0.7686491936412745,7.68114574786861,0.0,0.0,0.0,0.0,0.0,2.295192075844965,1.6012967971011385
MPT0376,2010-09-12,2.0,2.0,1.0,3.0,3.0,1.0,6.0,6.0,6.0,2.0,0.0,4.0,4.0,4.0,0.0,0.0,0.0,3.0,0.0,0.0,0.0,3.0,0.0,6.0,0.31621500578381206,0.5978267450423218,6.0,1.7660344237333838,0.35747989586561496,1.3498552109310573,1.3498552109310573,6.0,0.6175155438051162,6.0,0.0,0.0,0.0,6.0,0.0,0.0,0.0,0.0,0.0,2.2920455563090023,1.5991015509132576
JCR0172,2011-02-19,2.0,2.0,1.0,2.0,2.0,1.0,4.0,4.0,4.0,4.0,0.0,10.0,8.0,10.0,0.0,0.0,0.0,4.0,4.0,1.0,104519.0,4.0,0.0,3.3166247903553985,0.5259237061407777,0.6735744894885766,8.643909088903776,2.1933891970943793,1.9749404966483872,1.7873073489111886,1.7873073489111886,4.835597974326801,0.6927718689014432,3.703816978283029,0.6543817088197408,0.23969633140500804,0.5903515278600758,2.60085974954431,0.0,0.0,0.0,0.0,0.0,2.2915295761655474,1.598741564766661
